id,booth,commodity,name,website
0,2215B,Base metals,AbraPlata Resource Corp. ,http://www.aethonminerals.com
1,2613B,Base metals,Adventus Mining Corporation,http://www.adventusmining.com
2,2923,Base metals,Aldebaran Resources Inc.,http://www.aldebaranresources.com
3,2435,Base metals,Altius Minerals Corp.,http://www.altiusminerals.com
4,2823,Base metals,ALX Resources Corp.,http://www.alxresources.com
5,2753,Base metals,American Creek Resources Ltd.,http://www.americancreek.com
6,2643,Base metals,Ascendant Resources Inc.,http://www.ascendantresources.com
7,2329,Base metals,Ascot Resources Ltd.,http://www.ascotgold.com
8,2106,Base metals,Aston Bay,http://www.astonbayholdings.com
9,2610,Base metals,ATAC Resources Ltd.,http://www.atacresources.com
10,3340,Base metals,Auramex Resource Corp,http://www.auramex.com
11,3326,Base metals,Aurum Discovery,http://www.aurumdiscovery.com
12,2608,Base metals,Avidian Gold Corp.,http://www.avidiangold.com
13,2433,Base metals,Azimut Exploration Inc.,http://www.azimut-exploration.com
14,2940,Base metals,Azure Minerals Limited,http://www.azureminerals.com.au
15,2902,Base metals,Balmoral Resources Ltd.,http://www.balmoralresources.com
16,3047,Base metals,BeMetals Corp.,http://www.bemetalscorp.com
17,2736,Base metals,Buchans Resources Ltd. ,http://www.buchansresources.com
18,2219B,Base metals,BWR Exploration Inc. ,http://www.bwrexploration.com
19,2909,Base metals,Callinex Mines Inc.,http://www.callinex.ca
20,2140,Base metals,CanAlaska Uranium Ltd.,http://www.canalaska.com
21,3151,Base metals,Cantex Mine Development Corp,http://www.cantex.ca
22,2141,Base metals,Commander Resources Ltd.,http://www.commanderresources.com
23,2132,Base metals,Conroy Gold and Natural Resources plc,http://www.conroygold.com
24,2911,Base metals,Constantine Metal Resources Ltd.,http://www.constantinemetals.com
25,3017,Base metals,CVK Mining Group,http://www.cvkgroups.com
26,2813,Base metals,Discovery Group,http://www.discoverygroup.ca
27,2319,Base metals,Eagle Plains Resources Ltd.,http://www.eagleplains.com
28,2620A,Base metals,Eastfield Resources Ltd.,http://www.eastfieldresources.com
29,2136,Base metals,"EDM-Empresa de Desenvolvimento Mineiro, SA",http://www.edm.pt
30,2732,Base metals,Eldorado Gold Corporation,http://www.eldoradogold.com
31,2651,Base metals,EMX Royalty Corp.,http://www.emxroyalty.com
32,2712,Base metals,Entrée Resources Ltd.,http://www.entreeresourcesltd.com
33,2112,Base metals,Erdene Resource Development Corp.,http://www.erdene.com
34,2153,Base metals,Exiro Minerals Corp.,http://www.exirominerals.com
35,2425A,Base metals,FPX Nickel Corp.,http://www.fpxnickel.com
36,3310,Base metals,Geophysx Jamaica Ltd,http://www.geophysx.com
37,2949,Base metals,Globe Trotters Resource Group Inc.,http://www.globetrottersresources.ca
38,2718,Base metals,Globex Mining Enterprises Inc.,http://www.globexmining.com
39,2646,Base metals,Goldspot Discoveries Inc.,http://www.goldspot.ca
40,2114,Base metals,Greg Exploration Inc.,http://www.goldenretrievergroup.com
41,2938,Base metals,Hammer Metals Ltd,http://www.hammermetals.com.au
42,2425B,Base metals,Happy Creek Minerals Ltd.,http://www.happycreekminerals.com
43,3030,Base metals,Harfang Exploration Inc.,http://www.harfangexploration.com
44,2414A,Base metals,Ivanhoe Mines,http://www.ivanhoemines.com
45,2621B,Base metals,Keras Resources plc,http://www.kerasplc.com
46,2700,Base metals,Lara Exploration Ltd.,http://www.laraexploration.com
47,3025,Base metals,Laurion Mineral Exploration Inc.,http://www.laurion.ca
48,3342,Base metals,Longland Resources Ltd,http://www.longlandresources.com
49,2515,Base metals,Lundin Group ,http://www.thelundingroup.com
50,2451,Base metals,Manex Resource Group Inc.,http://www.manexresourcegroup.com
51,3237,Base metals,Manganese X Energy Corp.,http://www.manganesexenergycorp.com
52,3024,Base metals,Metallic Group of Companies,http://www.metallicgroup.ca
53,2502,Base metals,Midland Exploration Inc.,http://www.midlandexploration.com
54,2420B,Base metals,Minera Tres Valles,http://www.mineratresvalles.com
55,2618B,Base metals,Mira Stone Ltd,http://www.mirastone.net
56,3152,Base metals,Mississauga Mining,http://www.mississaugamining.com
57,2647,Base metals,Montero Mining & Exploration Ltd.,http://www.monteromining.com
58,2532,Base metals,Moydow Resources Limited,http://www.moydow.com
59,2111,Base metals,Murchison Minerals Ltd.,http://www.murchisonminerals.com
60,2619B,Base metals,New Age Metals,http://www.newagemetals.com
61,3239,Base metals,New Pacific Metals Corp.,http://www.newpacificmetals.com
62,2912,Base metals,Newmont Corporation,http://www.newmont.com
63,2415A,Base metals,Newrange Gold Corp.,http://www.newrangegold.com
64,2408,Base metals,Nicola Mining Inc.,http://www.nicolamining.com
65,2727,Base metals,NorZinc Ltd,http://www.norzinc.com
66,2125,Base metals,Opus One Resources Inc. ,http://www.opusoneresources.com
67,3013,Base metals,Osisko Metals Incorporated,http://www.osiskometals.com
68,2120,Base metals,Pacific Empire Minerals Corp.,http://www.pemcorp.ca
69,2205,Base metals,Palladium One,http://www.palladiumoneinc.com
70,3010,Base metals,Pancontinental Resources Corporation,http://www.panconresources.com
71,2144,Base metals,Panda Mining Pty Ltd,http://n/a
72,3005,Base metals,Panthera Resources Plc,http://www.pantheraresources.com
73,2615B,Base metals,Patagonia Exploracion S.A.,http://N/A
74,2728,Base metals,Pavey Ark Minerals Inc.,http://www.paveyarkminerals.com
75,3044,Base metals,Peel Mining Ltd.,http://www.peelmining.com.au
76,2634,Base metals,Portofino Resources Inc.,http://www.portofinoresources.com
77,2322,Base metals,Power Ore Inc.,http://www.powerore.com
78,3344,Base metals,Prolific Mining Corp.,http://www.prolificutah.com/home
79,3306,Base metals,Prophecy Development Corp.,http://www.prophecydev.com
80,2215A,Base metals,Pucara Resources,http://www.pucararesources.com
81,2630,Base metals,Red Cloud Securities Inc. ,http://www.redcloudks.com
82,2645,Base metals,Redstar Gold Corp.,http://www.redstargold.com
83,2100,Base metals,Rio Tinto,http://www.riotinto.com
84,3328,Base metals,RJK Explorations Ltd.,http://www.rjkexplorations.com
85,3153,Base metals,ROKMASTER Resources Corp.,http://www.rokmaster.com
86,2922,Base metals,S2 Resources Ltd.,http://www.s2resources.com.au
87,3247,Base metals,Searchlight Resources Inc.,http://www.searchlightresources.com
88,"948, 2312",Base metals,Sherritt International Corporation,http://www.sherritt.com
89,2441,Base metals,Sierra Metals Inc.,http://www.sierrametals.com
90,2422A,Base metals,Solitario Zinc Corp.,http://www.solitariozinc.com
91,3246,Base metals,South32 Limited,http://www.south32.net
92,2343,Base metals,Spirit Mining LLC,http://www.spiritmining.us
93,2345,Base metals,Stratabound Minerals Corp.,http://www.stratabound.com
94,3124,Base metals,Strategic Exploration Group,http://www.strategicmetalsltd.com
95,2545,Base metals,Strongbow Exploration Inc.,http://www.strongbowexploration.com
96,3138,Base metals,Sun Peak Metals,http://www.sunpeakmetals.com
97,2512,Base metals,Talon Metals Corp.,http://www.talonmetals.com
98,2231,Base metals,Telson Mining Corporation,http://www.telsonmining.com
99,2937,Base metals,Tinka Resources Limited,http://www.tinkaresources.com
100,2126,Base metals,Transition Metals Corp.,http://www.transitionmetalscorp.com
101,2118,Base metals,Trevali Mining Corporation,http://www.trevali.com
102,2503,Base metals,Tri Origin Exploration Ltd.,http://www.triorigin.com
103,2417B,Base metals,Valoriza Mineria SL,http://www.valorizamineria.com
104,2613A,Base metals,Vior Inc.,http://www.vior.ca
105,2414B,Base metals,White Rock Minerals,http://www.whiterockminerals.com.au
106,3009,Base metals,Wildsky Resources Inc.,http://www.wildskyresources.com
107,2149,Base metals,Windfall Geotek Inc.,http://www.windfallgeotek.com
108,2612A,Base metals,Wolfden Resources Corporation,http://www.wolfdenresources.com
109,2903,Base metals,Ximen Mining Corp.,http://www.ximenminingcorp.com
110,3321,Base metals,Yukon Mining Alliance,http://www.yukonminingalliance.ca
111,2836,Base metals,Zephyr Minerals Ltd.,http://www.zephyrminerals.com
112,2325,Coal,Anglo American,http://www.angloamerican.com
113,3123,Coal,BHP,http://www.bhp.com
114,3137,Coal,Jameson Resources Limited,http://www.jamesonresources.com.au
115,2515,Coal,Lundin Group ,http://www.thelundingroup.com
116,2822,Coal,Morien Resources Corp.,http://www.morienres.com
117,2138,Coal,Orestone Mining Corp,http://www.orestone.ca
118,3306,Coal,Prophecy Development Corp.,http://www.prophecydev.com
119,3246,Coal,South32 Limited,http://www.south32.net
120,2509,Coal,Teck Resources Limited,http://www.teck.com
121,3312,Coal,Vista Energy Resources,http://www.vistaenergyresources.ca
122,2215B,Copper,AbraPlata Resource Corp. ,http://www.aethonminerals.com
123,2738,Copper,Adriatic Metals Plc,http://www.adriaticmetals.com
124,2613B,Copper,Adventus Mining Corporation,http://www.adventusmining.com
125,2537,Copper,Aeris Resources Limited,http://www.aerisresources.com.au
126,2751,Copper,Affinity Metals  Corp,http://www.affinity-metals.com
127,2923,Copper,Aldebaran Resources Inc.,http://www.aldebaranresources.com
128,3242,Copper,Altamira Gold,http://www.altamiragold.com
129,2435,Copper,Altius Minerals Corp.,http://www.altiusminerals.com
130,2823,Copper,ALX Resources Corp.,http://www.alxresources.com
131,2753,Copper,American Creek Resources Ltd.,http://www.americancreek.com
132,2123,Copper,Amerigo Resources Ltd.,http://www.amerigoresources.com
133,2325,Copper,Anglo American,http://www.angloamerican.com
134,2614A,Copper,Aquila Resources Inc.,http://www.aquilaresources.com
135,2329,Copper,Ascot Resources Ltd.,http://www.ascotgold.com
136,2610,Copper,ATAC Resources Ltd.,http://www.atacresources.com
137,3340,Copper,Auramex Resource Corp,http://www.auramex.com
138,2905,Copper,Aurania Resources Ltd.,http://www.aurania.com
139,2907,Copper,Aurora Minerals Group LLP,http://www.aurora.kz
140,3326,Copper,Aurum Discovery,http://www.aurumdiscovery.com
141,2209,Copper,AURYN Mining Corp.,http://www.aurynmining.com
142,2421A,Copper,Auryn Resources Inc.,http://www.aurynresources.com
143,2445,Copper,Avino Silver & Gold Mines Ltd.,http://www.avino.com
144,2433,Copper,Azimut Exploration Inc.,http://www.azimut-exploration.com
145,2940,Copper,Azure Minerals Limited,http://www.azureminerals.com.au
146,2902,Copper,Balmoral Resources Ltd.,http://www.balmoralresources.com
147,3047,Copper,BeMetals Corp.,http://www.bemetalscorp.com
148,3123,Copper,BHP,http://www.bhp.com
149,2418B,Copper,Blackstone Minerals Ltd,http://www.blackstoneminerals.com.au
150,3228,Copper,Brixton Metals Corporation,http://www.brixtonmetals.com
151,2951,Copper,BTU Metals Corp.,http://www.btumetals.com
152,2219B,Copper,BWR Exploration Inc. ,http://www.bwrexploration.com
153,2831,Copper,Cabral Gold Ltd. ,http://www.cabralgold.com
154,2909,Copper,Callinex Mines Inc.,http://www.callinex.ca
155,2140,Copper,CanAlaska Uranium Ltd.,http://www.canalaska.com
156,3031,Copper,Candente Copper Corp.,http://www.candentecopper.com
157,2711,Copper,Carube Copper Corp.,http://www.carubecopper.com
158,2148,Copper,Centerra Gold Inc.,http://www.centerragold.com
159,2151,Copper,Century Global Commodities Corporation,http://www.centuryglobal.ca
160,3325,Copper,Chakana Copper Corporation,http://www.chakanacopper.com
161,2431,Copper,China Gold International Resources Corp. Ltd.,http://www.chinagoldintl.com
162,2141,Copper,Commander Resources Ltd.,http://www.commanderresources.com
163,2911,Copper,Constantine Metal Resources Ltd.,http://www.constantinemetals.com
164,2713,Copper,Copper Fox Metals Inc.,http://www.copperfoxmetals.com
165,2420A,Copper,Copper Mountain Mining Corporation,http://www.cumtn.com
166,3036,Copper,Copperzone Resources Limited,http://www.copperzone-resources.com
167,2551,Copper,Cornerstone Capital Resources Inc.,http://www.cornerstoneresources.com
168,2614B,Copper,Crystal Lake Mining,http://www.crystallakemining.com
169,2813,Copper,Discovery Group,http://www.discoverygroup.ca
170,2319,Copper,Eagle Plains Resources Ltd.,http://www.eagleplains.com
171,2932,Copper,Earthmetrix Inc.,http://www.earthmetrix.ca
172,2620A,Copper,Eastfield Resources Ltd.,http://www.eastfieldresources.com
173,2136,Copper,"EDM-Empresa de Desenvolvimento Mineiro, SA",http://www.edm.pt
174,2347,Copper,Elim Mining Incorporated,http://www.elimmining.com
175,3012,Copper,Ely Gold Royalties Inc.,http://www.elygoldinc.com
176,2651,Copper,EMX Royalty Corp.,http://www.emxroyalty.com
177,2712,Copper,Entrée Resources Ltd.,http://www.entreeresourcesltd.com
178,3222,Copper,Ero Copper Corp.,http://www.erocopper.com
179,3040,Copper,Evrim Resources Corp.,http://www.evrimresources.com
180,2809,Copper,Excelsior Mining Corp.,http://www.excelsiormining.com
181,2153,Copper,Exiro Minerals Corp.,http://www.exirominerals.com
182,2616A,Copper,Foran Mining Corporation,http://www.foranmining.com
183,2825,Copper,Forum Energy Metals Corp.,http://www.forumenergymetals.com
184,2623A,Copper,Galway Metals Inc.,http://www.galwaymetalsinc.com
185,3220,Copper,Generation Mining Limited,http://www.genmining.com
186,2642,Copper,Geomega Resources Inc.,http://www.geomega.ca
187,3310,Copper,Geophysx Jamaica Ltd,http://www.geophysx.com
188,2949,Copper,Globe Trotters Resource Group Inc.,http://www.globetrottersresources.ca
189,3316,Copper,Globmine LLP,http://tks.kz
190,2625B,Copper,Go Metals Corp.,http://www.gocobalt.ca
191,2924,Copper,Golden Arrow Resources,http://www.goldenarrowresources.com
192,2526,Copper,GoldMining Inc.,http://www.goldmining.com
193,2615A,Copper,Gossan Resources Limited,http://www.gossan.ca
194,2348,Copper,GR Sliver Mining Ltd.,http://www.grsilvermining.com
195,2122,Copper,Grid Metals Corp.,http://www.gridmetalscorp.com
196,2323,Copper,GT Gold Corp.,http://www.gtgoldcorp.ca
197,2938,Copper,Hammer Metals Ltd,http://www.hammermetals.com.au
198,2425B,Copper,Happy Creek Minerals Ltd.,http://www.happycreekminerals.com
199,3030,Copper,Harfang Exploration Inc.,http://www.harfangexploration.com
200,2416A,Copper,High Power Exploration,http://www.hpxploration.com
201,3128,Copper,International Millennium Mining Corp.,http://www.immc.ca
202,2414A,Copper,Ivanhoe Mines,http://www.ivanhoemines.com
203,2606,Copper,Japan Gold Corp.,http://www.japangold.com
204,3033,Copper,K92 Mining Inc.,http://www.k92mining.com
205,3023,Copper,Kutcho Copper Corp.,http://www.kutcho.ca
206,2700,Copper,Lara Exploration Ltd.,http://www.laraexploration.com
207,3143,Copper,Latin Metals Inc.,http://www.latinmetals.com
208,2508,Copper,Libero Copper,http://www.liberocopper.com
209,3342,Copper,Longland Resources Ltd,http://www.longlandresources.com
210,2704,Copper,"Lumina Group, The",http://www.luminagold.com
211,2515,Copper,Lundin Group ,http://www.thelundingroup.com
212,2105,Copper,MANAGEM Group,http://www.managemgroup.com
213,2451,Copper,Manex Resource Group Inc.,http://www.manexresourcegroup.com
214,2450,Copper,Maya Gold & Silver Inc.,http://www.mayagoldsilver.com
215,3024,Copper,Metallic Group of Companies,http://www.metallicgroup.ca
216,2709,Copper,Metals Group Inc.,http://www.metalsgroup.com
217,2502,Copper,Midland Exploration Inc.,http://www.midlandexploration.com
218,2637,Copper,Minaurum Gold Inc.,http://www.minaurum.com
219,2423A,Copper,Minera Alamos Inc.,http://www.mineraalamos.com
220,2618B,Copper,Mira Stone Ltd,http://www.mirastone.net
221,2219A,Copper,Mirasol Resources Ltd.,http://www.mirasolresources.com
222,3050,Copper,Monument Mining Limited,http://www.monumentmining.com
223,2530,Copper,Mundoro Capital Inc.,http://www.mundoro.com
224,2410,Copper,Nevada Copper Corp.,http://www.nevadacopper.com
225,2314,Copper,New Gold Inc.,http://www.newgold.com
226,2350,Copper,Newcrest Mining Ltd.,http://www.newcrest.com.au
227,2912,Copper,Newmont Corporation,http://www.newmont.com
228,2415A,Copper,Newrange Gold Corp.,http://www.newrangegold.com
229,3322,Copper,Nexa Resources S.A.,http://www.nexaresources.com
230,2624B,Copper,NioBay Metals Inc.,http://www.niobaymetals.com
231,2631,Copper,Noront Resources Ltd.,http://www.norontresources.com
232,3240,Copper,Northern Dynasty Minerals Ltd.,http://www.northerndynastyminerals.com 
233,3037,Copper,Northern Shield Resources Inc.,http://www.northern-shield.com
234,2841,Copper,OceanaGold Corporation,http://www.oceanagold.com
235,2125,Copper,Opus One Resources Inc. ,http://www.opusoneresources.com
236,2138,Copper,Orestone Mining Corp,http://www.orestone.ca
237,2120,Copper,Pacific Empire Minerals Corp.,http://www.pemcorp.ca
238,2113,Copper,Pacific Trends Resources Pty Ltd,http://www.pacifictrendsresources.com.au
239,2205,Copper,Palladium One,http://www.palladiumoneinc.com
240,3010,Copper,Pancontinental Resources Corporation,http://www.panconresources.com
241,2506,Copper,Panoro Minerals Ltd.,http://www.panoro.com
242,3005,Copper,Panthera Resources Plc,http://www.pantheraresources.com
243,2615B,Copper,Patagonia Exploracion S.A.,http://N/A
244,3044,Copper,Peel Mining Ltd.,http://www.peelmining.com.au
245,2353,Copper,Playfair Mining Ltd.,http://www.playfairmining.com
246,2705,Copper,PolyMet Mining Corp.,http://www.polymetmining.com
247,2322,Copper,Power Ore Inc.,http://www.powerore.com
248,3344,Copper,Prolific Mining Corp.,http://www.prolificutah.com/home
249,2331,Copper,Quaterra Resources Inc.,http://www.quaterra.com
250,2630,Copper,Red Cloud Securities Inc. ,http://www.redcloudks.com
251,2538,Copper,Red Metal Resources Ltd.,http://www.redmetalresources.com
252,2925,Copper,Regulus Resources Inc.,http://www.regulusresources.com
253,2644,Copper,Revelo Resources Corp.,http://www.reveloresources.com
254,2100,Copper,Rio Tinto,http://www.riotinto.com
255,2413A,Copper,Riverside Resources Inc.,http://www.rivres.com
256,3042,Copper,Rockcliff Metals Corporation,http://www.rockcliffmetals.com
257,3153,Copper,ROKMASTER Resources Corp.,http://www.rokmaster.com
258,2131,Copper,Romios Gold Resources Inc.,http://www.romios.com
259,2342,Copper,Royal Road Minerals,http://www.royalroadminerals.com
260,3250,Copper,Rugby Mining Limited,http://www.rugbymining.com
261,2945,Copper,Salazar Resources Limited,http://www.salazarresources.com
262,2850,Copper,Sandstorm Gold Royalties,http://www.sandstormgold.com
263,3247,Copper,Searchlight Resources Inc.,http://www.searchlightresources.com
264,2835,Copper,Serengeti Resources Inc.,http://www.serengetiresources.com
265,"948, 2312",Copper,Sherritt International Corporation,http://www.sherritt.com
266,2441,Copper,Sierra Metals Inc.,http://www.sierrametals.com
267,2346,Copper,Sitka Gold Corp,http://www.sitkagoldcorp.com
268,2745,Copper,SolGold,http://www.solgold.com.au
269,3246,Copper,South32 Limited,http://www.south32.net
270,2128,Copper,SPC Metals,http://www.sudburyplatinumcorp.com
271,2213B,Copper,Sphinx Resources Ltd.,http://www.sphinxresources.ca
272,2343,Copper,Spirit Mining LLC,http://www.spiritmining.us
273,3124,Copper,Strategic Exploration Group,http://www.strategicmetalsltd.com
274,3018,Copper,Stuhini Exploration Ltd.,http://www.stuhini.com
275,3138,Copper,Sun Peak Metals,http://www.sunpeakmetals.com
276,2512,Copper,Talon Metals Corp.,http://www.talonmetals.com
277,2509,Copper,Teck Resources Limited,http://www.teck.com
278,3229,Copper,Tectonic Metals Inc.,http://www.tectonicmetals.com
279,2231,Copper,Telson Mining Corporation,http://www.telsonmining.com
280,3241,Copper,Tethyan Resource Corp.,http://www.tethyan-resources.com
281,2848,Copper,Timberline Resources Corporation,http://www.timberline-resources.com
282,2126,Copper,Transition Metals Corp.,http://www.transitionmetalscorp.com
283,3041,Copper,Trilogy Metals Inc.,http://www.trilogymetals.com
284,2510,Copper,Triumph Gold Corp.,http://www.triumphgoldcorp.com
285,2553,Copper,Troilus Gold Corp.,http://www.troilusgold.com
286,2417B,Copper,Valoriza Mineria SL,http://www.valorizamineria.com
287,3136,Copper,Vizsla Resources Corp.,http://www.vizslaresources.com
288,2223B,Copper,VR Resources Ltd.,http://www.vrr.ca
289,2337,Copper,Vulcan Minerals Inc.,http://www.vulcanminerals.ca
290,3141,Copper,Wealth Minerals Ltd.,http://www.wealthminerals.com
291,2943,Copper,Western Alaska Copper and Gold,http://www.wacg.rocks
292,2133,Copper,Western Copper and Gold Corporation,http://www.westerncopperandgold.com
293,2414B,Copper,White Rock Minerals,http://www.whiterockminerals.com.au
294,2149,Copper,Windfall Geotek Inc.,http://www.windfallgeotek.com
295,2139,Copper,Xiana Mining Inc.,http://www.xianamining.com
296,2903,Copper,Ximen Mining Corp.,http://www.ximenminingcorp.com
297,2525,Copper,Yorbeau Resources Inc.,http://www.yorbeauresources.com
298,3321,Copper,Yukon Mining Alliance,http://www.yukonminingalliance.ca
299,2435,Diamonds,Altius Minerals Corp.,http://www.altiusminerals.com
300,2325,Diamonds,Anglo American,http://www.angloamerican.com
301,2103,Diamonds,Arctic Star Exploration Corp.,http://www.arcticstar.ca
302,2140,Diamonds,CanAlaska Uranium Ltd.,http://www.canalaska.com
303,2132,Diamonds,Conroy Gold and Natural Resources plc,http://www.conroygold.com
304,2316,Diamonds,Diamcor Mining Inc.,http://www.diamcormining.com
305,2813,Diamonds,Discovery Group,http://www.discoverygroup.ca
306,2114,Diamonds,Greg Exploration Inc.,http://www.goldenretrievergroup.com
307,2515,Diamonds,Lundin Group ,http://www.thelundingroup.com
308,2532,Diamonds,Moydow Resources Limited,http://www.moydow.com
309,2707,Diamonds,North Arrow Minerals Inc.,http://www.northarrowminerals.com
310,2419A,Diamonds,Olivut Resources Ltd.,http://www.olivut.com
311,2100,Diamonds,Rio Tinto,http://www.riotinto.com
312,3328,Diamonds,RJK Explorations Ltd.,http://www.rjkexplorations.com
313,2330,Diamonds,Star Diamond Corporation,http://www.stardiamondcorp.com
314,3124,Diamonds,Strategic Exploration Group,http://www.strategicmetalsltd.com
315,2423B,Diamonds,Talmora Diamond Inc.,http://www.talmoradiamond.com
316,2126,Diamonds,Transition Metals Corp.,http://www.transitionmetalscorp.com
317,2233,Diamonds,Tres-Or Resources Ltd.,http://www.tres-or.com
318,2149,Diamonds,Windfall Geotek Inc.,http://www.windfallgeotek.com
319,2700,Fertilizers,Lara Exploration Ltd.,http://www.laraexploration.com
320,2647,Fertilizers,Montero Mining & Exploration Ltd.,http://www.monteromining.com
321,2840,Fertilizers,SQM,http://www.sqm.com
322,2215B,Gold,AbraPlata Resource Corp. ,http://www.aethonminerals.com
323,2750,Gold,Adamera Minerals Corp.,http://www.adamera.com
324,2738,Gold,Adriatic Metals Plc,http://www.adriaticmetals.com
325,2613B,Gold,Adventus Mining Corporation,http://www.adventusmining.com
326,2751,Gold,Affinity Metals  Corp,http://www.affinity-metals.com
327,2127,Gold,Agnico Eagle Mines Limited,http://www.agnicoeagle.com
328,2944,Gold,AJN Resources Inc.  ,http://www.ajnresources.com
329,2339,Gold,Alacer Gold Corp.,http://www.alacergold.com
330,2722,Gold,Alamos Gold Inc.,http://www.alamosgold.com
331,2923,Gold,Aldebaran Resources Inc.,http://www.aldebaranresources.com
332,2829,Gold,Almaden Minerals Ltd.,http://www.almadenminerals.com
333,3242,Gold,Altamira Gold,http://www.altamiragold.com
334,2622A,Gold,Alto Ventures Ltd.,http://www.altoventures.com
335,2823,Gold,ALX Resources Corp.,http://www.alxresources.com
336,2621A,Gold,Amarillo Gold Corp.,http://www.amarillogold.com
337,2753,Gold,American Creek Resources Ltd.,http://www.americancreek.com
338,2616B,Gold,Americas Gold and Silver,http://www.americas-gold.com
339,2716,Gold,Amex Exploration,http://www.amexexploration.com
340,2906,Gold,Anaconda Mining Inc.,http://www.anacondamining.com
341,2326,Gold,Andino Commodities S.A.S,
342,2614A,Gold,Aquila Resources Inc.,http://www.aquilaresources.com
343,3233,Gold,Ardiden Limited,http://www.ardiden.com.au
344,3300,Gold,Argo Gold,http://www.argogold.ca
345,2947,Gold,Argonaut Gold Inc.,http://www.argonautgold.com
346,2146,Gold,Artemis Gold Inc.,http://www.artemisgoldinc.com
347,3212,Gold,Artisanal Gold Council,http://www.artisanalgold.org
348,2418A,Gold,Asante Gold Corporation,http://www.asantegold.com
349,2329,Gold,Ascot Resources Ltd.,http://www.ascotgold.com
350,2106,Gold,Aston Bay,http://www.astonbayholdings.com
351,2610,Gold,ATAC Resources Ltd.,http://www.atacresources.com
352,2904,Gold,Atlantic Gold Corporation,http://www.atlanticgoldcorporation.com
353,3340,Gold,Auramex Resource Corp,http://www.auramex.com
354,2905,Gold,Aurania Resources Ltd.,http://www.aurania.com
355,2907,Gold,Aurora Minerals Group LLP,http://www.aurora.kz
356,3326,Gold,Aurum Discovery,http://www.aurumdiscovery.com
357,2209,Gold,AURYN Mining Corp.,http://www.aurynmining.com
358,2421A,Gold,Auryn Resources Inc.,http://www.aurynresources.com
359,2608,Gold,Avidian Gold Corp.,http://www.avidiangold.com
360,2445,Gold,Avino Silver & Gold Mines Ltd.,http://www.avino.com
361,2708,Gold,Awale Resources Ltd.,http://www.awaleresources.com
362,2433,Gold,Azimut Exploration Inc.,http://www.azimut-exploration.com
363,2940,Gold,Azure Minerals Limited,http://www.azureminerals.com.au
364,2731,Gold,B2Gold Corp.,http://www.b2gold.com
365,2902,Gold,Balmoral Resources Ltd.,http://www.balmoralresources.com
366,2221B,Gold,Banyan Gold Corp.,http://www.banyangold.com
367,2415B,Gold,Barrian Mining Corp,
368,2434,Gold,Barrick Gold Corporation,http://www.barrick.com
369,3047,Gold,BeMetals Corp.,http://www.bemetalscorp.com
370,2117,Gold,Benton Resources Inc.,http://www.bentonresources.ca
371,2419B,Gold,BlackRock Gold Corp.,http://www.blackrockgoldcorp.com
372,2418B,Gold,Blackstone Minerals Ltd,http://www.blackstoneminerals.com.au
373,2308,Gold,Blue Star Gold Corp.,http://www.bluestargold.ca
374,2749,Gold,Blue Thunder Mining Corp,http://www.bluethundermining.com
375,2931,Gold,BONTERRA Resources Inc.,http://www.btrgold.com
376,2620B,Gold,Breaker Resources NL,http://www.breakerresources.com.au
377,3228,Gold,Brixton Metals Corporation,http://www.brixtonmetals.com
378,2951,Gold,BTU Metals Corp.,http://www.btumetals.com
379,2219B,Gold,BWR Exploration Inc. ,http://www.bwrexploration.com
380,2831,Gold,Cabral Gold Ltd. ,http://www.cabralgold.com
381,2909,Gold,Callinex Mines Inc.,http://www.callinex.ca
382,3034,Gold,Canarc Resource Corp.,http://www.canarc.net
383,3151,Gold,Cantex Mine Development Corp,http://www.cantex.ca
384,3129,Gold,Cardinal Resources Ltd.,http://www.cardinalresources.com.au
385,2711,Gold,Carube Copper Corp.,http://www.carubecopper.com
386,2148,Gold,Centerra Gold Inc.,http://www.centerragold.com
387,2151,Gold,Century Global Commodities Corporation,http://www.centuryglobal.ca
388,3325,Gold,Chakana Copper Corporation,http://www.chakanacopper.com
389,2422B,Gold,Chesapeake Gold Corporation,http://www.chesapeakegold.com
390,2431,Gold,China Gold International Resources Corp. Ltd.,http://www.chinagoldintl.com
391,3338,Gold,Columbus Gold Corp.,http://www.columbusgold.com
392,2141,Gold,Commander Resources Ltd.,http://www.commanderresources.com
393,2946,Gold,Condor Gold Plc,http://www.condorgold.com
394,2132,Gold,Conroy Gold and Natural Resources plc,http://www.conroygold.com
395,3208,Gold,Consulting & Mining Sevices SRL,http://www.consultingmining.com
396,2107,Gold,Continental Gold Inc.,http://www.continentalgold.com
397,2713,Gold,Copper Fox Metals Inc.,http://www.copperfoxmetals.com
398,2420A,Gold,Copper Mountain Mining Corporation,http://www.cumtn.com
399,2551,Gold,Cornerstone Capital Resources Inc.,http://www.cornerstoneresources.com
400,2518,Gold,Corvus Gold Inc.,http://www.corvusgold.com
401,2614B,Gold,Crystal Lake Mining,http://www.crystallakemining.com
402,3017,Gold,CVK Mining Group,http://www.cvkgroups.com
403,3032,Gold,Delta Resources Limited,http://www.deltaresources.ca
404,2349,Gold,Desert Gold Ventures Inc.,http://www.desertgold.ca
405,2813,Gold,Discovery Group,http://www.discoverygroup.ca
406,2649,Gold,Dundee Precious Metals Inc.,http://www.dundeeprecious.com
407,2617B,Gold,Durango Resources Inc.,http://www.durangoresourcesinc.com
408,2632,Gold,Dynacor Gold Mines Inc.,http://www.dynacor.com
409,2832,Gold,Dynasty Gold Corp.,http://www.dynastygoldcorp.com
410,2319,Gold,Eagle Plains Resources Ltd.,http://www.eagleplains.com
411,2932,Gold,Earthmetrix Inc.,http://www.earthmetrix.ca
412,2620A,Gold,Eastfield Resources Ltd.,http://www.eastfieldresources.com
413,2948,Gold,Eclipse Gold Mining Corp,http://www.eclipsegoldmining.com
414,2136,Gold,"EDM-Empresa de Desenvolvimento Mineiro, SA",http://www.edm.pt
415,2732,Gold,Eldorado Gold Corporation,http://www.eldoradogold.com
416,3012,Gold,Ely Gold Royalties Inc.,http://www.elygoldinc.com
417,2651,Gold,EMX Royalty Corp.,http://www.emxroyalty.com
418,2622B,Gold,Endurance Gold Corp,http://www.endurancegold.com
419,2516,Gold,Energold Corp.,http://www.energold.com
420,3232,Gold,Engineer Gold Mines Ltd,http://www.engineergoldmines.com
421,2712,Gold,Entrée Resources Ltd.,http://www.entreeresourcesltd.com
422,2333,Gold,EnviroLeach Technologies Inc.,http://www.enviroleach.com
423,3216,Gold,Equus Mining Limited,http://www.equusmining.com
424,3308,Gold,Eros Resources Corp.,http://www.erosresourcescorp.com
425,3140,Gold,Evergold Corp,http://www.evergoldcorp.ca
426,3040,Gold,Evrim Resources Corp.,http://www.evrimresources.com
427,2153,Gold,Exiro Minerals Corp.,http://www.exirominerals.com
428,3139,Gold,FireFox Gold Corp.,http://www.firefoxgold.com
429,2501,Gold,First Majestic Silver Corp. ,http://www.firstmajestic.com
430,2729,Gold,First Mining Gold Corp.,http://www.firstmininggold.com
431,3016,Gold,Fomicruz S.E. ,http://www.fomicruz.com
432,2837,Gold,Fortune Minerals Limited,http://www.fortuneminerals.com
433,2825,Gold,Forum Energy Metals Corp.,http://www.forumenergymetals.com
434,3302,Gold,Galleon Gold Corp. ,http://www.galleongold.com
435,2623A,Gold,Galway Metals Inc.,http://www.galwaymetalsinc.com
436,3149,Gold,Garibaldi Resources Corp,http://www.garibaldiresources.com
437,2833,Gold,Gatling Exploration Inc.,http://www.gatlingexploration.com
438,3220,Gold,Generation Mining Limited,http://www.genmining.com
439,2746,Gold,Genesis Metals,http://www.genesismetalscorp.
440,2642,Gold,Geomega Resources Inc.,http://www.geomega.ca
441,3310,Gold,Geophysx Jamaica Ltd,http://www.geophysx.com
442,3130,Gold,GFG Resources Inc.,http://www.gfgresources.com
443,2949,Gold,Globe Trotters Resource Group Inc.,http://www.globetrottersresources.ca
444,2718,Gold,Globex Mining Enterprises Inc.,http://www.globexmining.com
445,3316,Gold,Globmine LLP,http://tks.kz
446,2338,Gold,GMV Minerals Inc.,http://www.gmvminerals.com
447,2108,Gold,Gold Group Management Inc.,http://www.goldgroup.com
448,2928,Gold,Gold Springs Resource Corp.,http://www.goldspringsresource.com
449,2304,Gold,Gold Terra Resource Corp.,http://www.goldterracorp.com
450,2924,Gold,Golden Arrow Resources,http://www.goldenarrowresources.com
451,2543,Gold,Golden Goliath Resources Ltd.,http://www.goldengoliath.com
452,2706,Gold,Golden Minerals Company,http://www.goldenminerals.com
453,2650,Gold,Golden Predator Mining Corp.,http://www.goldenpredator.com
454,2305,Gold,Golden Star Resources Limited,http://www.gsr.com
455,2526,Gold,GoldMining Inc.,http://www.goldmining.com
456,3131,Gold,Goldmoney Inc.,http://www.goldmoney.com
457,2844,Gold,GoldQuest Mining Corp.,http://www.goldquestcorp.com
458,2449,Gold,Goldsource Mines Inc.,http://www.goldsourcemines.com
459,2646,Gold,Goldspot Discoveries Inc.,http://www.goldspot.ca
460,2615A,Gold,Gossan Resources Limited,http://www.gossan.ca
461,2824,Gold,Gowest Gold Ltd.,http://www.gowestgold.com
462,2348,Gold,GR Sliver Mining Ltd.,http://www.grsilvermining.com
463,2310,Gold,Gran Colombia Gold Corp.,http://www.grancolombiagold.com
464,2114,Gold,Greg Exploration Inc.,http://www.goldenretrievergroup.com
465,3020,Gold,Grizzly Discoveries Inc.,http://www.grizzlydiscoveries.com
466,2323,Gold,GT Gold Corp.,http://www.gtgoldcorp.ca
467,2938,Gold,Hammer Metals Ltd,http://www.hammermetals.com.au
468,3030,Gold,Harfang Exploration Inc.,http://www.harfangexploration.com
469,2820,Gold,Harte Gold Corp.,http://www.hartegold.com
470,2437,Gold,Hecla Mining Company,http://www.hecla-mining.com
471,2416A,Gold,High Power Exploration,http://www.hpxploration.com
472,3245,Gold,HighGold Mining Inc,http://www.highgoldmining.com
473,2145,Gold,HPQ Silicon Resources,http://www.hpqsilicon.com
474,2522,Gold,IAMGOLD Corporation,http://www.iamgold.com
475,3035,Gold,Inca One Gold Corp.,http://www.incaone.com
476,2741,Gold,Independence Gold Corp.,http://www.ingold.ca
477,2147,Gold,Integra Resources Corp.,http://www.integraresources.com
478,3128,Gold,International Millennium Mining Corp.,http://www.immc.ca
479,2430,Gold,Jaguar Mining Inc.,http://www.jaguarmining.com
480,2606,Gold,Japan Gold Corp.,http://www.japangold.com
481,3033,Gold,K92 Mining Inc.,http://www.k92mining.com
482,3218,Gold,Kalo Exploration Ltd,http://www.kaloexploration.com
483,2618A,Gold,Kerr Mines Inc.,http://www.kerrmines.com
484,2536,Gold,Kesselrun Resources Ltd.,http://www.kesselrunresources.com
485,2341,Gold,Kingsgate Consolidated Limited,http://www.kingsgate.com.au
486,2913,Gold,Kinross Gold Corporation,http://www.kinross.com
487,2313,Gold,Kirkland Lake Gold Ltd. ,http://www.klgold.com
488,3148,Gold,Kootenay Silver Inc.,http://www.kootenaysilver.com
489,2302,Gold,Kopy Goldfields AB,http://www.kopygoldfields.com
490,3023,Gold,Kutcho Copper Corp.,http://www.kutcho.ca
491,2700,Gold,Lara Exploration Ltd.,http://www.laraexploration.com
492,3143,Gold,Latin Metals Inc.,http://www.latinmetals.com
493,3025,Gold,Laurion Mineral Exploration Inc.,http://www.laurion.ca
494,2843,Gold,Leagold Mining Corporation,http://www.leagold.com
495,2508,Gold,Libero Copper,http://www.liberocopper.com
496,3206,Gold,Liberty Gold Corp.,http://www.libertygold.ca
497,3021,Gold,Lion One Metals,http://www.liononemetals.com
498,3342,Gold,Longland Resources Ltd,http://www.longlandresources.com
499,2704,Gold,"Lumina Group, The",http://www.luminagold.com
500,2515,Gold,Lundin Group ,http://www.thelundingroup.com
501,2710,Gold,Mako Mining Corp.,http://www.makominingcorp.com
502,2105,Gold,MANAGEM Group,http://www.managemgroup.com
503,2301,Gold,Mandalay Resources Corp.,http://www.mandalayresources.com
504,2451,Gold,Manex Resource Group Inc.,http://www.manexresourcegroup.com
505,2130,Gold,Manitou Gold Inc.,http://www.manitougold.com
506,2241,Gold,Marathon Gold Corporation,http://www.marathon-gold.com
507,2939,Gold,Mawson Resources Limited,http://www.mawsonresources.com
508,2450,Gold,Maya Gold & Silver Inc.,http://www.mayagoldsilver.com
509,2849,Gold,McEwen Mining Inc.,http://www.mcewenmining.com
510,2953,Gold,MegumaGold,http://www.megumagold.com
511,3024,Gold,Metallic Group of Companies,http://www.metallicgroup.ca
512,2640,Gold,Metals Creek Resources Corp.,http://www.metalscreek.com
513,2709,Gold,Metals Group Inc.,http://www.metalsgroup.com
514,2413B,Gold,Midas Gold Corp.,http://www.midasgoldcorp.com
515,2502,Gold,Midland Exploration Inc.,http://www.midlandexploration.com
516,2637,Gold,Minaurum Gold Inc.,http://www.minaurum.com
517,2423A,Gold,Minera Alamos Inc.,http://www.mineraalamos.com
518,2812,Gold,Mineral Mountain Resources Ltd.,http://www.mineralmtn.com
519,2618B,Gold,Mira Stone Ltd,http://www.mirastone.net
520,2219A,Gold,Mirasol Resources Ltd.,http://www.mirasolresources.com
521,3152,Gold,Mississauga Mining,http://www.mississaugamining.com
522,2417A,Gold,Monarques Gold Corporation,http://www.monarquesgold.com
523,3045,Gold,Moneta Porcupine Mines Inc.,http://www.monetaporcupine.com
524,3050,Gold,Monument Mining Limited,http://www.monumentmining.com
525,3235,Gold,Morocota Gold SAS,http://www.morocotagold.com
526,2532,Gold,Moydow Resources Limited,http://www.moydow.com
527,2530,Gold,Mundoro Capital Inc.,http://www.mundoro.com
528,2527,Gold,Nevada Exploration Inc.,http://www.nevadaexploration.com
529,2748,Gold,New Found Gold Corp,http://www.newfoundgold.ca
530,2314,Gold,New Gold Inc.,http://www.newgold.com
531,2350,Gold,Newcrest Mining Ltd.,http://www.newcrest.com.au
532,2912,Gold,Newmont Corporation,http://www.newmont.com
533,2415A,Gold,Newrange Gold Corp.,http://www.newrangegold.com
534,2408,Gold,Nicola Mining Inc.,http://www.nicolamining.com
535,2624B,Gold,NioBay Metals Inc.,http://www.niobaymetals.com
536,3240,Gold,Northern Dynasty Minerals Ltd.,http://www.northerndynastyminerals.com 
537,3037,Gold,Northern Shield Resources Inc.,http://www.northern-shield.com
538,3029,Gold,Northern Superior Resources Inc.,http://www.nsuperior.com
539,2714,Gold,Northern Vertex Mining Corp.,http://www.northernvertex.com
540,2929,Gold,Northstar Gold Corp.,http://www.northstargoldmining.com
541,2901,Gold,Novagold Resources Inc.,http://www.novagold.com
542,2841,Gold,OceanaGold Corporation,http://www.oceanagold.com
543,2125,Gold,Opus One Resources Inc. ,http://www.opusoneresources.com
544,2324,Gold,Orefinders Resources Inc.,http://www.orefinders.ca
545,2519,Gold,Orezone Gold Corporation,http://www.orezone.com
546,2529,Gold,Orford Mining Corp.,http://www.orfordmining.com
547,3046,Gold,Orla Mining Ltd.,http://www.orlamining.com
548,2500,Gold,Orsu Metals Corporation,http://www.orsumetals.com
549,2243,Gold,Orvana Minerals Corp.,http://www.orvana.com
550,3015,Gold,Osino Resources Corp.,http://www.osinoresources.com
551,2624A,Gold,Osisko Gold Royalties Ltd.,http://www.osiskogr.com
552,2552,Gold,Otso Gold Corp.,http://www.otsogold.com
553,2120,Gold,Pacific Empire Minerals Corp.,http://www.pemcorp.ca
554,2113,Gold,Pacific Trends Resources Pty Ltd,http://www.pacifictrendsresources.com.au
555,2816,Gold,Pacton Gold Inc.,http://www.pactongold.com
556,2723,Gold,Palamina Corp.,http://www.palamina.com
557,3010,Gold,Pancontinental Resources Corporation,http://www.panconresources.com
558,2144,Gold,Panda Mining Pty Ltd,http://n/a
559,3005,Gold,Panthera Resources Plc,http://www.pantheraresources.com
560,2615B,Gold,Patagonia Exploracion S.A.,http://N/A
561,2728,Gold,Pavey Ark Minerals Inc.,http://www.paveyarkminerals.com
562,3044,Gold,Peel Mining Ltd.,http://www.peelmining.com.au
563,2237,Gold,Pelangio Exploration Inc.,http://www.pelangio.com
564,2633,Gold,Peloton Minerals Corporation,http://www.pelotonminerals.com
565,2353,Gold,Playfair Mining Ltd.,http://www.playfairmining.com
566,2634,Gold,Portofino Resources Inc.,http://www.portofinoresources.com
567,3019,Gold,PPX Mining Corp.,http://www.ppxmining.com
568,2523,Gold,Premier Gold Mines Limited,http://www.premiergoldmines.com
569,2207,Gold,Privateer Gold,http://www.privateer.gold
570,2847,Gold,Probe Metals Inc.,http://www.probemetals.com
571,3344,Gold,Prolific Mining Corp.,http://www.prolificutah.com/home
572,2215A,Gold,Pucara Resources,http://www.pucararesources.com
573,3007,Gold,Pure Gold Mining,http://www.puregoldmining.ca
574,2217A,Gold,QMX Gold Corporation,http://www.qmxgold.ca
575,2908,Gold,Radisson Mining Resources Inc.,http://www.radissonmining.com
576,2630,Gold,Red Cloud Securities Inc. ,http://www.redcloudks.com
577,2538,Gold,Red Metal Resources Ltd.,http://www.redmetalresources.com
578,2539,Gold,Red Pine Exploration Inc.,http://www.redpineexp.com
579,2645,Gold,Redstar Gold Corp.,http://www.redstargold.com
580,2925,Gold,Regulus Resources Inc.,http://www.regulusresources.com
581,2625A,Gold,Renaissance Gold Inc.,http://www.rengold.com
582,2548,Gold,Renforth Resources Inc.,http://www.renforthresources.com
583,2142,Gold,Reunion Gold Corporation,http://www.reuniongold.com
584,2644,Gold,Revelo Resources Corp.,http://www.reveloresources.com
585,2507,Gold,Revival Gold Inc.,http://www.revival-gold.com
586,2100,Gold,Rio Tinto,http://www.riotinto.com
587,2413A,Gold,Riverside Resources Inc.,http://www.rivres.com
588,3328,Gold,RJK Explorations Ltd.,http://www.rjkexplorations.com
589,2549,Gold,RNC Minerals,http://www.rncminerals.com
590,3042,Gold,Rockcliff Metals Corporation,http://www.rockcliffmetals.com
591,3153,Gold,ROKMASTER Resources Corp.,http://www.rokmaster.com
592,2131,Gold,Romios Gold Resources Inc.,http://www.romios.com
593,3132,Gold,Roscan Gold Corporation,http://www.roscan.ca
594,2635,Gold,Roxgold Inc.,http://www.roxgold.com
595,3348,Gold,Royal Canadian Mint,http://www.reserves.mint.ca
596,2342,Gold,Royal Road Minerals,http://www.royalroadminerals.com
597,3250,Gold,Rugby Mining Limited,http://www.rugbymining.com
598,2922,Gold,S2 Resources Ltd.,http://www.s2resources.com.au
599,2617A,Gold,Sabina Gold & Silver Corp.,http://www.sabinagoldsilver.com
600,2945,Gold,Salazar Resources Limited,http://www.salazarresources.com
601,2850,Gold,Sandstorm Gold Royalties,http://www.sandstormgold.com
602,3247,Gold,Searchlight Resources Inc.,http://www.searchlightresources.com
603,2724,Gold,SEMAFO Inc.,http://www.semafo.com
604,2533,Gold,Serabi Gold plc,http://www.serabigold.com
605,2835,Gold,Serengeti Resources Inc.,http://www.serengetiresources.com
606,"948, 2312",Gold,Sherritt International Corporation,http://www.sherritt.com
607,2441,Gold,Sierra Metals Inc.,http://www.sierrametals.com
608,2448,Gold,SilverCrest Metals Inc.,http://www.silvercrestmetals.com
609,2910,Gold,Sirios Resources Inc.,http://www.sirios.com
610,2346,Gold,Sitka Gold Corp,http://www.sitkagoldcorp.com
611,2223A,Gold,Skeena Resources Ltd.,http://www.skeenaresources.com
612,2629,Gold,Skyharbour Resources Ltd.,http://www.skyharbourltd.com
613,2432,Gold,Sokoman Minerals Corp. ,http://www.sokomanmineralscorp.com
614,2745,Gold,SolGold,http://www.solgold.com.au
615,2328,Gold,Sonoro Metals Corp.,http://www.sonorometals.com
616,2213B,Gold,Sphinx Resources Ltd.,http://www.sphinxresources.ca
617,2343,Gold,Spirit Mining LLC,http://www.spiritmining.us
618,3049,Gold,Sprott Group of Companies,http://www.sprott.com
619,2846,Gold,Starcore International Mines Ltd.,http://www.starcore.com
620,2725,Gold,Steppe Gold Limited,http://www.steppegold.com
621,2345,Gold,Stratabound Minerals Corp.,http://www.stratabound.com
622,3124,Gold,Strategic Exploration Group,http://www.strategicmetalsltd.com
623,3018,Gold,Stuhini Exploration Ltd.,http://www.stuhini.com
624,3138,Gold,Sun Peak Metals,http://www.sunpeakmetals.com
625,3144,Gold,Talisker Resources,http://www.taliskerresources.com
626,3229,Gold,Tectonic Metals Inc.,http://www.tectonicmetals.com
627,2231,Gold,Telson Mining Corporation,http://www.telsonmining.com
628,2752,Gold,Tempus Resources Limited,http://www.tempusresources.com.au
629,2540,Gold,Teranga Gold Corporation,http://www.terangagold.com
630,3241,Gold,Tethyan Resource Corp.,http://www.tethyan-resources.com
631,2848,Gold,Timberline Resources Corporation,http://www.timberline-resources.com
632,2126,Gold,Transition Metals Corp.,http://www.transitionmetalscorp.com
633,2104,Gold,Treasury Metals Inc.,http://www.treasurymetals.com
634,2233,Gold,Tres-Or Resources Ltd.,http://www.tres-or.com
635,2503,Gold,Tri Origin Exploration Ltd.,http://www.triorigin.com
636,3041,Gold,Trilogy Metals Inc.,http://www.trilogymetals.com
637,2152,Gold,TriStar Gold Inc.,http://www.tristargold.com
638,2510,Gold,Triumph Gold Corp.,http://www.triumphgoldcorp.com
639,2553,Gold,Troilus Gold Corp.,http://www.troilusgold.com
640,3330,Gold,Tudor Gold Corp.,http://www.tudor-gold.com
641,2440,Gold,Unigold Inc.,http://www.unigoldinc.com
642,2443,Gold,Ur-Energy Inc.,http://www.ur-energy.com
643,2417B,Gold,Valoriza Mineria SL,http://www.valorizamineria.com
644,3145,Gold,Velocity Minerals Ltd.,http://www.velocityminerals.com
645,2613A,Gold,Vior Inc.,http://www.vior.ca
646,2235,Gold,Vista Gold Corp.,http://www.vistagold.com
647,3022,Gold,Viva Gold Corp.,http://www.vivagoldcorp.com
648,3136,Gold,Vizsla Resources Corp.,http://www.vizslaresources.com
649,2223B,Gold,VR Resources Ltd.,http://www.vrr.ca
650,2442,Gold,Wallbridge Mining Company Limited,http://www.wallbridgemining.com
651,3141,Gold,Wealth Minerals Ltd.,http://www.wealthminerals.com
652,2412A,Gold,Wesdome Gold Mines,http://www.wesdome.com
653,3122,Gold,West Red Lake Gold Mines Inc.,http://www.westredlakegold.com
654,2943,Gold,Western Alaska Copper and Gold,http://www.wacg.rocks
655,2344,Gold,Western Atlas Resources Inc.,http://www.westernar.com
656,2133,Gold,Western Copper and Gold Corporation,http://www.westerncopperandgold.com
657,2623B,Gold,Westhaven Ventures Inc.,http://www.westhavenventures.com
658,2311,Gold,Wheaton Precious Metals Corp.,http://www.wheatonpm.com
659,3028,Gold,White Gold Corp.,http://www.whitegoldcorp.ca
660,2414B,Gold,White Rock Minerals,http://www.whiterockminerals.com.au
661,3009,Gold,Wildsky Resources Inc.,http://www.wildskyresources.com
662,2149,Gold,Windfall Geotek Inc.,http://www.windfallgeotek.com
663,2139,Gold,Xiana Mining Inc.,http://www.xianamining.com
664,2903,Gold,Ximen Mining Corp.,http://www.ximenminingcorp.com
665,2406,Gold,X-Terra Resources,http://www.xterraresorces.com
666,2715,Gold,Yamana Gold Inc.,http://www.yamana.com
667,2525,Gold,Yorbeau Resources Inc.,http://www.yorbeauresources.com
668,3321,Gold,Yukon Mining Alliance,http://www.yukonminingalliance.ca
669,2836,Gold,Zephyr Minerals Ltd.,http://www.zephyrminerals.com
670,2435,Iron ore,Altius Minerals Corp.,http://www.altiusminerals.com
671,2325,Iron ore,Anglo American,http://www.angloamerican.com
672,3123,Iron ore,BHP,http://www.bhp.com
673,2151,Iron ore,Century Global Commodities Corporation,http://www.centuryglobal.ca
674,2425A,Iron ore,FPX Nickel Corp.,http://www.fpxnickel.com
675,2618B,Iron ore,Mira Stone Ltd,http://www.mirastone.net
676,3152,Iron ore,Mississauga Mining,http://www.mississaugamining.com
677,3050,Iron ore,Monument Mining Limited,http://www.monumentmining.com
678,3005,Iron ore,Panthera Resources Plc,http://www.pantheraresources.com
679,2100,Iron ore,Rio Tinto,http://www.riotinto.com
680,"2307, 3318",Iron ore,Vale Canada Limited,http://www.vale.com
681,2738,Lead,Adriatic Metals Plc,http://www.adriaticmetals.com
682,2613B,Lead,Adventus Mining Corporation,http://www.adventusmining.com
683,2751,Lead,Affinity Metals  Corp,http://www.affinity-metals.com
684,2743,Lead,Aftermath Silver Ltd,http://www.vendettaminingcorp.com
685,2447,Lead,Alexco Resource Corp.,http://www.alexcoresource.com
686,2616B,Lead,Americas Gold and Silver,http://www.americas-gold.com
687,2643,Lead,Ascendant Resources Inc.,http://www.ascendantresources.com
688,2445,Lead,Avino Silver & Gold Mines Ltd.,http://www.avino.com
689,2940,Lead,Azure Minerals Limited,http://www.azureminerals.com.au
690,3047,Lead,BeMetals Corp.,http://www.bemetalscorp.com
691,3234,Lead,Blind Creek Resources Ltd.,http://www.blindcreekresources.com
692,2628,Lead,Cerro de Pasco Resources Inc.,http://www.pascoresources.com
693,3017,Lead,CVK Mining Group,http://www.cvkgroups.com
694,2813,Lead,Discovery Group,http://www.discoverygroup.ca
695,2319,Lead,Eagle Plains Resources Ltd.,http://www.eagleplains.com
696,2651,Lead,EMX Royalty Corp.,http://www.emxroyalty.com
697,3310,Lead,Geophysx Jamaica Ltd,http://www.geophysx.com
698,3316,Lead,Globmine LLP,http://tks.kz
699,2924,Lead,Golden Arrow Resources,http://www.goldenarrowresources.com
700,2348,Lead,GR Sliver Mining Ltd.,http://www.grsilvermining.com
701,2437,Lead,Hecla Mining Company,http://www.hecla-mining.com
702,3128,Lead,International Millennium Mining Corp.,http://www.immc.ca
703,3231,Lead,Klondike Silver Corp.,http://www.klondikesilver.com
704,3148,Lead,Kootenay Silver Inc.,http://www.kootenaysilver.com
705,2515,Lead,Lundin Group ,http://www.thelundingroup.com
706,2105,Lead,MANAGEM Group,http://www.managemgroup.com
707,2451,Lead,Manex Resource Group Inc.,http://www.manexresourcegroup.com
708,2450,Lead,Maya Gold & Silver Inc.,http://www.mayagoldsilver.com
709,3024,Lead,Metallic Group of Companies,http://www.metallicgroup.ca
710,2618B,Lead,Mira Stone Ltd,http://www.mirastone.net
711,2111,Lead,Murchison Minerals Ltd.,http://www.murchisonminerals.com
712,2727,Lead,NorZinc Ltd,http://www.norzinc.com
713,2615B,Lead,Patagonia Exploracion S.A.,http://N/A
714,3044,Lead,Peel Mining Ltd.,http://www.peelmining.com.au
715,3306,Lead,Prophecy Development Corp.,http://www.prophecydev.com
716,2630,Lead,Red Cloud Securities Inc. ,http://www.redcloudks.com
717,3153,Lead,ROKMASTER Resources Corp.,http://www.rokmaster.com
718,2143,Lead,ScoZinc Mining Ltd.,http://www.scozinc.com
719,2441,Lead,Sierra Metals Inc.,http://www.sierrametals.com
720,2834,Lead,Silvercorp Metals Inc.,http://www.silvercorp.ca
721,3246,Lead,South32 Limited,http://www.south32.net
722,2213B,Lead,Sphinx Resources Ltd.,http://www.sphinxresources.ca
723,3124,Lead,Strategic Exploration Group,http://www.strategicmetalsltd.com
724,3018,Lead,Stuhini Exploration Ltd.,http://www.stuhini.com
725,2231,Lead,Telson Mining Corporation,http://www.telsonmining.com
726,3241,Lead,Tethyan Resource Corp.,http://www.tethyan-resources.com
727,2118,Lead,Trevali Mining Corporation,http://www.trevali.com
728,2417B,Lead,Valoriza Mineria SL,http://www.valorizamineria.com
729,2943,Lead,Western Alaska Copper and Gold,http://www.wacg.rocks
730,2414B,Lead,White Rock Minerals,http://www.whiterockminerals.com.au
731,3321,Lead,Yukon Mining Alliance,http://www.yukonminingalliance.ca
732,2435,Nickel,Altius Minerals Corp.,http://www.altiusminerals.com
733,2823,Nickel,ALX Resources Corp.,http://www.alxresources.com
734,2325,Nickel,Anglo American,http://www.angloamerican.com
735,3326,Nickel,Aurum Discovery,http://www.aurumdiscovery.com
736,2902,Nickel,Balmoral Resources Ltd.,http://www.balmoralresources.com
737,3047,Nickel,BeMetals Corp.,http://www.bemetalscorp.com
738,3123,Nickel,BHP,http://www.bhp.com
739,2418B,Nickel,Blackstone Minerals Ltd,http://www.blackstoneminerals.com.au
740,2219B,Nickel,BWR Exploration Inc. ,http://www.bwrexploration.com
741,2747,Nickel,Canada Nickel Company,http://www.canadanickel.com
742,2140,Nickel,CanAlaska Uranium Ltd.,http://www.canalaska.com
743,2702,Nickel,Centaurus Metals Ltd,http://www.centaurus.com.au
744,2141,Nickel,Commander Resources Ltd.,http://www.commanderresources.com
745,2651,Nickel,EMX Royalty Corp.,http://www.emxroyalty.com
746,2825,Nickel,Forum Energy Metals Corp.,http://www.forumenergymetals.com
747,2425A,Nickel,FPX Nickel Corp.,http://www.fpxnickel.com
748,2718,Nickel,Globex Mining Enterprises Inc.,http://www.globexmining.com
749,2615A,Nickel,Gossan Resources Limited,http://www.gossan.ca
750,2122,Nickel,Grid Metals Corp.,http://www.gridmetalscorp.com
751,3030,Nickel,Harfang Exploration Inc.,http://www.harfangexploration.com
752,2416A,Nickel,High Power Exploration,http://www.hpxploration.com
753,2700,Nickel,Lara Exploration Ltd.,http://www.laraexploration.com
754,3342,Nickel,Longland Resources Ltd,http://www.longlandresources.com
755,2515,Nickel,Lundin Group ,http://www.thelundingroup.com
756,3024,Nickel,Metallic Group of Companies,http://www.metallicgroup.ca
757,2502,Nickel,Midland Exploration Inc.,http://www.midlandexploration.com
758,2618B,Nickel,Mira Stone Ltd,http://www.mirastone.net
759,2111,Nickel,Murchison Minerals Ltd.,http://www.murchisonminerals.com
760,2631,Nickel,Noront Resources Ltd.,http://www.norontresources.com
761,3037,Nickel,Northern Shield Resources Inc.,http://www.northern-shield.com
762,2125,Nickel,Opus One Resources Inc. ,http://www.opusoneresources.com
763,2529,Nickel,Orford Mining Corp.,http://www.orfordmining.com
764,2205,Nickel,Palladium One,http://www.palladiumoneinc.com
765,3010,Nickel,Pancontinental Resources Corporation,http://www.panconresources.com
766,2353,Nickel,Playfair Mining Ltd.,http://www.playfairmining.com
767,2705,Nickel,PolyMet Mining Corp.,http://www.polymetmining.com
768,2322,Nickel,Power Ore Inc.,http://www.powerore.com
769,2630,Nickel,Red Cloud Securities Inc. ,http://www.redcloudks.com
770,2100,Nickel,Rio Tinto,http://www.riotinto.com
771,2549,Nickel,RNC Minerals,http://www.rncminerals.com
772,3247,Nickel,Searchlight Resources Inc.,http://www.searchlightresources.com
773,"948, 2312",Nickel,Sherritt International Corporation,http://www.sherritt.com
774,3246,Nickel,South32 Limited,http://www.south32.net
775,2128,Nickel,SPC Metals,http://www.sudburyplatinumcorp.com
776,2213B,Nickel,Sphinx Resources Ltd.,http://www.sphinxresources.ca
777,3124,Nickel,Strategic Exploration Group,http://www.strategicmetalsltd.com
778,2512,Nickel,Talon Metals Corp.,http://www.talonmetals.com
779,2126,Nickel,Transition Metals Corp.,http://www.transitionmetalscorp.com
780,2429,Nickel,UEX Corporation,http://www.uexcorp.com
781,"2307, 3318",Nickel,Vale Canada Limited,http://www.vale.com
782,2417B,Nickel,Valoriza Mineria SL,http://www.valorizamineria.com
783,2221A,Nickel,Victory Nickel Inc.,http://www.victorynickel.ca
784,2337,Nickel,Vulcan Minerals Inc.,http://www.vulcanminerals.ca
785,2149,Nickel,Windfall Geotek Inc.,http://www.windfallgeotek.com
786,3321,Nickel,Yukon Mining Alliance,http://www.yukonminingalliance.ca
787,3123,Oil & Gas,BHP,http://www.bhp.com
788,2845,Oil & Gas,Desert Mountain Energy Corp.,http://www.desertmountainenergy.com
789,3016,Oil & Gas,Fomicruz S.E. ,http://www.fomicruz.com
790,2515,Oil & Gas,Lundin Group ,http://www.thelundingroup.com
791,2326,Other,Andino Commodities S.A.S,
792,2351,Other,Ares Strategic Mining Inc.,http://www.aresmining.com
793,2418B,Other,Blackstone Minerals Ltd,http://www.blackstoneminerals.com.au
794,2542,Other,Canadian Securities Exchange,http://www.thecse.com
795,2151,Other,Century Global Commodities Corporation,http://www.centuryglobal.ca
796,2911,Other,Constantine Metal Resources Ltd.,http://www.constantinemetals.com
797,3017,Other,CVK Mining Group,http://www.cvkgroups.com
798,2845,Other,Desert Mountain Energy Corp.,http://www.desertmountainenergy.com
799,2932,Other,Earthmetrix Inc.,http://www.earthmetrix.ca
800,2153,Other,Exiro Minerals Corp.,http://www.exirominerals.com
801,2739,Other,Five Star Diamond Limited,http://www.ionenergy.ca
802,2718,Other,Globex Mining Enterprises Inc.,http://www.globexmining.com
803,2108,Other,Gold Group Management Inc.,http://www.goldgroup.com
804,3131,Other,Goldmoney Inc.,http://www.goldmoney.com
805,2416A,Other,High Power Exploration,http://www.hpxploration.com
806,2145,Other,HPQ Silicon Resources,http://www.hpqsilicon.com
807,2648,Other,Hudson Resources Inc.,http://www.hudsonresourcesinc.com
808,3146,Other,Jamaica Stock Exchange,http://www.jamstockex.com
809,3137,Other,Jameson Resources Limited,http://www.jamesonresources.com.au
810,3143,Other,Latin Metals Inc.,http://www.latinmetals.com
811,2612B,Other,Market Making Services Inc.,http://www.marketmakingservices.com
812,2450,Other,Maya Gold & Silver Inc.,http://www.mayagoldsilver.com
813,2709,Other,Metals Group Inc.,http://www.metalsgroup.com
814,2618B,Other,Mira Stone Ltd,http://www.mirastone.net
815,2647,Other,Montero Mining & Exploration Ltd.,http://www.monteromining.com
816,3243,Other,"Morefield Gem Mine, Inc.",http://www.morefieldgemmine.com
817,2828,Other,Neo Lithium Corp.,http://www.neolithium.ca
818,2619B,Other,New Age Metals,http://www.newagemetals.com
819,2624B,Other,NioBay Metals Inc.,http://www.niobaymetals.com
820,2631,Other,Noront Resources Ltd.,http://www.norontresources.com
821,2830,Other,Nouveau Monde Graphite,http://www.nouveaumonde.ca
822,2546,Other,OTC Markets Group,http://www.otcmarkets.com
823,2538,Other,Red Metal Resources Ltd.,http://www.redmetalresources.com
824,2730,Other,Resource Capital Funds,http://www.resourcecapitalfunds.com
825,2142,Other,Reunion Gold Corporation,http://www.reuniongold.com
826,3048,Other,Richardson GMP - Alexandra Horwood,http://www.alexandrahorwood.com
827,3153,Other,ROKMASTER Resources Corp.,http://www.rokmaster.com
828,2131,Other,Romios Gold Resources Inc.,http://www.romios.com
829,2213A,Other,Sidex,http://www.sidex.ca
830,2343,Other,Spirit Mining LLC,http://www.spiritmining.us
831,3049,Other,Sprott Group of Companies,http://www.sprott.com
832,2840,Other,SQM,http://www.sqm.com
833,2725,Other,Steppe Gold Limited,http://www.steppegold.com
834,3018,Other,Stuhini Exploration Ltd.,http://www.stuhini.com
835,2917,Other,Toronto Stock Exchange,http://www.tsx.com
836,2126,Other,Transition Metals Corp.,http://www.transitionmetalscorp.com
837,2429,Other,UEX Corporation,http://www.uexcorp.com
838,2417B,Other,Valoriza Mineria SL,http://www.valorizamineria.com
839,2842,Other,VanadiumCorp Resource Inc.,http://www.vanadiumcorp.com
840,2221A,Other,Victory Nickel Inc.,http://www.victorynickel.ca
841,2613A,Other,Vior Inc.,http://www.vior.ca
842,2337,Other,Vulcan Minerals Inc.,http://www.vulcanminerals.ca
843,3014,Other,Western Uranium & Vanadium Corp.,http://www.western-uranium.com
844,2619A,Other,Zen Graphene Solutions,http://www.zengraphene.com
845,2819,Other,Zimtu Capital Corp.,http://www.zimtu.com
846,2325,PGM,Anglo American,http://www.angloamerican.com
847,2902,PGM,Balmoral Resources Ltd.,http://www.balmoralresources.com
848,2813,PGM,Discovery Group,http://www.discoverygroup.ca
849,2319,PGM,Eagle Plains Resources Ltd.,http://www.eagleplains.com
850,2620A,PGM,Eastfield Resources Ltd.,http://www.eastfieldresources.com
851,2825,PGM,Forum Energy Metals Corp.,http://www.forumenergymetals.com
852,3220,PGM,Generation Mining Limited,http://www.genmining.com
853,2718,PGM,Globex Mining Enterprises Inc.,http://www.globexmining.com
854,2924,PGM,Golden Arrow Resources,http://www.goldenarrowresources.com
855,2646,PGM,Goldspot Discoveries Inc.,http://www.goldspot.ca
856,2615A,PGM,Gossan Resources Limited,http://www.gossan.ca
857,2122,PGM,Grid Metals Corp.,http://www.gridmetalscorp.com
858,2414A,PGM,Ivanhoe Mines,http://www.ivanhoemines.com
859,3342,PGM,Longland Resources Ltd,http://www.longlandresources.com
860,3024,PGM,Metallic Group of Companies,http://www.metallicgroup.ca
861,2502,PGM,Midland Exploration Inc.,http://www.midlandexploration.com
862,2619B,PGM,New Age Metals,http://www.newagemetals.com
863,2631,PGM,Noront Resources Ltd.,http://www.norontresources.com
864,3037,PGM,Northern Shield Resources Inc.,http://www.northern-shield.com
865,2529,PGM,Orford Mining Corp.,http://www.orfordmining.com
866,2728,PGM,Pavey Ark Minerals Inc.,http://www.paveyarkminerals.com
867,2705,PGM,PolyMet Mining Corp.,http://www.polymetmining.com
868,2100,PGM,Rio Tinto,http://www.riotinto.com
869,"948, 2312",PGM,Sherritt International Corporation,http://www.sherritt.com
870,2128,PGM,SPC Metals,http://www.sudburyplatinumcorp.com
871,2126,PGM,Transition Metals Corp.,http://www.transitionmetalscorp.com
872,2442,PGM,Wallbridge Mining Company Limited,http://www.wallbridgemining.com
873,3321,PGM,Yukon Mining Alliance,http://www.yukonminingalliance.ca
874,2927,REE & electric metals,Appia Energy Corp.,http://www.appiaenergy.ca
875,3233,REE & electric metals,Ardiden Limited,http://www.ardiden.com.au
876,3326,REE & electric metals,Aurum Discovery,http://www.aurumdiscovery.com
877,2303,REE & electric metals,Avalon Advanced Materials Inc.,http://www.avalonadvancedmaterials.com
878,2747,REE & electric metals,Canada Nickel Company,http://www.canadanickel.com
879,2817,REE & electric metals,Commerce Resources Corp.,http://www.commerceresources.com
880,2504,REE & electric metals,Critical Elements Corporation,http://www.cecorp.ca
881,2319,REE & electric metals,Eagle Plains Resources Ltd.,http://www.eagleplains.com
882,2932,REE & electric metals,Earthmetrix Inc.,http://www.earthmetrix.ca
883,2622B,REE & electric metals,Endurance Gold Corp,http://www.endurancegold.com
884,2153,REE & electric metals,Exiro Minerals Corp.,http://www.exirominerals.com
885,2726,REE & electric metals,Focus Graphite Inc.,http://www.focusgraphite.com
886,2837,REE & electric metals,Fortune Minerals Limited,http://www.fortuneminerals.com
887,2825,REE & electric metals,Forum Energy Metals Corp.,http://www.forumenergymetals.com
888,3236,REE & electric metals,Frontier Lithium Inc.,http://www.frontierlithium.com
889,2642,REE & electric metals,Geomega Resources Inc.,http://www.geomega.ca
890,3310,REE & electric metals,Geophysx Jamaica Ltd,http://www.geophysx.com
891,2718,REE & electric metals,Globex Mining Enterprises Inc.,http://www.globexmining.com
892,2625B,REE & electric metals,Go Metals Corp.,http://www.gocobalt.ca
893,2924,REE & electric metals,Golden Arrow Resources,http://www.goldenarrowresources.com
894,2615A,REE & electric metals,Gossan Resources Limited,http://www.gossan.ca
895,2938,REE & electric metals,Hammer Metals Ltd,http://www.hammermetals.com.au
896,2109,REE & electric metals,ioneer,http://www.ioneer.com
897,3147,REE & electric metals,Largo Resources Ltd.,http://www.largoresources.com
898,2941,REE & electric metals,Leading Edge Materials Corp.,http://www.leadingedgematerials.com
899,2332,REE & electric metals,Lepidico Ltd.,http://www.lepidico.com
900,2547,REE & electric metals,Lomiko Metals Inc.,http://www.lomiko.com
901,2124,REE & electric metals,Millennial Lithium Corp.,http://www.millenniallithium.com
902,2618B,REE & electric metals,Mira Stone Ltd,http://www.mirastone.net
903,3304,REE & electric metals,Mkango Resources,http://www.mkango.ca
904,2647,REE & electric metals,Montero Mining & Exploration Ltd.,http://www.monteromining.com
905,3243,REE & electric metals,"Morefield Gem Mine, Inc.",http://www.morefieldgemmine.com
906,2828,REE & electric metals,Neo Lithium Corp.,http://www.neolithium.ca
907,2624B,REE & electric metals,NioBay Metals Inc.,http://www.niobaymetals.com
908,2115,REE & electric metals,Northern Graphite Corporation,http://www.northerngraphite.com
909,3142,REE & electric metals,Oro Verde Limited,http://www.oroverde.com.au
910,3010,REE & electric metals,Pancontinental Resources Corporation,http://www.panconresources.com
911,2615B,REE & electric metals,Patagonia Exploracion S.A.,http://N/A
912,3127,REE & electric metals,Plateau Energy Metals Inc. ,http://www.plateauenergymetals.com
913,2634,REE & electric metals,Portofino Resources Inc.,http://www.portofinoresources.com
914,2322,REE & electric metals,Power Ore Inc.,http://www.powerore.com
915,2538,REE & electric metals,Red Metal Resources Ltd.,http://www.redmetalresources.com
916,2100,REE & electric metals,Rio Tinto,http://www.riotinto.com
917,2340,REE & electric metals,Sayona Mining Limited,http://www.sayonamining.com.au
918,3247,REE & electric metals,Searchlight Resources Inc.,http://www.searchlightresources.com
919,2110,REE & electric metals,Ucore Rare Metals Inc.,http://www.ucore.com
920,2842,REE & electric metals,VanadiumCorp Resource Inc.,http://www.vanadiumcorp.com
921,3141,REE & electric metals,Wealth Minerals Ltd.,http://www.wealthminerals.com
922,2311,REE & electric metals,Wheaton Precious Metals Corp.,http://www.wheatonpm.com
923,2619A,REE & electric metals,Zen Graphene Solutions,http://www.zengraphene.com
924,2215B,Silver,AbraPlata Resource Corp. ,http://www.aethonminerals.com
925,2738,Silver,Adriatic Metals Plc,http://www.adriaticmetals.com
926,2613B,Silver,Adventus Mining Corporation,http://www.adventusmining.com
927,2751,Silver,Affinity Metals  Corp,http://www.affinity-metals.com
928,2447,Silver,Alexco Resource Corp.,http://www.alexcoresource.com
929,2829,Silver,Almaden Minerals Ltd.,http://www.almadenminerals.com
930,2435,Silver,Altius Minerals Corp.,http://www.altiusminerals.com
931,2753,Silver,American Creek Resources Ltd.,http://www.americancreek.com
932,2616B,Silver,Americas Gold and Silver,http://www.americas-gold.com
933,2614A,Silver,Aquila Resources Inc.,http://www.aquilaresources.com
934,2947,Silver,Argonaut Gold Inc.,http://www.argonautgold.com
935,2643,Silver,Ascendant Resources Inc.,http://www.ascendantresources.com
936,2329,Silver,Ascot Resources Ltd.,http://www.ascotgold.com
937,2610,Silver,ATAC Resources Ltd.,http://www.atacresources.com
938,3340,Silver,Auramex Resource Corp,http://www.auramex.com
939,2905,Silver,Aurania Resources Ltd.,http://www.aurania.com
940,2907,Silver,Aurora Minerals Group LLP,http://www.aurora.kz
941,2209,Silver,AURYN Mining Corp.,http://www.aurynmining.com
942,2421A,Silver,Auryn Resources Inc.,http://www.aurynresources.com
943,2445,Silver,Avino Silver & Gold Mines Ltd.,http://www.avino.com
944,2708,Silver,Awale Resources Ltd.,http://www.awaleresources.com
945,2940,Silver,Azure Minerals Limited,http://www.azureminerals.com.au
946,3047,Silver,BeMetals Corp.,http://www.bemetalscorp.com
947,2419B,Silver,BlackRock Gold Corp.,http://www.blackrockgoldcorp.com
948,3234,Silver,Blind Creek Resources Ltd.,http://www.blindcreekresources.com
949,3228,Silver,Brixton Metals Corporation,http://www.brixtonmetals.com
950,2951,Silver,BTU Metals Corp.,http://www.btumetals.com
951,2909,Silver,Callinex Mines Inc.,http://www.callinex.ca
952,2628,Silver,Cerro de Pasco Resources Inc.,http://www.pascoresources.com
953,3325,Silver,Chakana Copper Corporation,http://www.chakanacopper.com
954,2422B,Silver,Chesapeake Gold Corporation,http://www.chesapeakegold.com
955,2911,Silver,Constantine Metal Resources Ltd.,http://www.constantinemetals.com
956,3208,Silver,Consulting & Mining Sevices SRL,http://www.consultingmining.com
957,2420A,Silver,Copper Mountain Mining Corporation,http://www.cumtn.com
958,2518,Silver,Corvus Gold Inc.,http://www.corvusgold.com
959,2614B,Silver,Crystal Lake Mining,http://www.crystallakemining.com
960,3017,Silver,CVK Mining Group,http://www.cvkgroups.com
961,2703,Silver,Defiance Silver Corp.,http://www.defiancesilver.com
962,2813,Silver,Discovery Group,http://www.discoverygroup.ca
963,2319,Silver,Eagle Plains Resources Ltd.,http://www.eagleplains.com
964,2620A,Silver,Eastfield Resources Ltd.,http://www.eastfieldresources.com
965,2948,Silver,Eclipse Gold Mining Corp,http://www.eclipsegoldmining.com
966,2136,Silver,"EDM-Empresa de Desenvolvimento Mineiro, SA",http://www.edm.pt
967,3012,Silver,Ely Gold Royalties Inc.,http://www.elygoldinc.com
968,2651,Silver,EMX Royalty Corp.,http://www.emxroyalty.com
969,3216,Silver,Equus Mining Limited,http://www.equusmining.com
970,3308,Silver,Eros Resources Corp.,http://www.erosresourcescorp.com
971,3040,Silver,Evrim Resources Corp.,http://www.evrimresources.com
972,2501,Silver,First Majestic Silver Corp. ,http://www.firstmajestic.com
973,3016,Silver,Fomicruz S.E. ,http://www.fomicruz.com
974,2825,Silver,Forum Energy Metals Corp.,http://www.forumenergymetals.com
975,2623A,Silver,Galway Metals Inc.,http://www.galwaymetalsinc.com
976,3310,Silver,Geophysx Jamaica Ltd,http://www.geophysx.com
977,2949,Silver,Globe Trotters Resource Group Inc.,http://www.globetrottersresources.ca
978,2718,Silver,Globex Mining Enterprises Inc.,http://www.globexmining.com
979,2108,Silver,Gold Group Management Inc.,http://www.goldgroup.com
980,2924,Silver,Golden Arrow Resources,http://www.goldenarrowresources.com
981,2706,Silver,Golden Minerals Company,http://www.goldenminerals.com
982,3131,Silver,Goldmoney Inc.,http://www.goldmoney.com
983,2646,Silver,Goldspot Discoveries Inc.,http://www.goldspot.ca
984,2348,Silver,GR Sliver Mining Ltd.,http://www.grsilvermining.com
985,2323,Silver,GT Gold Corp.,http://www.gtgoldcorp.ca
986,2437,Silver,Hecla Mining Company,http://www.hecla-mining.com
987,2416A,Silver,High Power Exploration,http://www.hpxploration.com
988,2505,Silver,Impact Silver Corp.,http://www.impactsilver.com
989,2147,Silver,Integra Resources Corp.,http://www.integraresources.com
990,3128,Silver,International Millennium Mining Corp.,http://www.immc.ca
991,3231,Silver,Klondike Silver Corp.,http://www.klondikesilver.com
992,3148,Silver,Kootenay Silver Inc.,http://www.kootenaysilver.com
993,3023,Silver,Kutcho Copper Corp.,http://www.kutcho.ca
994,3143,Silver,Latin Metals Inc.,http://www.latinmetals.com
995,3025,Silver,Laurion Mineral Exploration Inc.,http://www.laurion.ca
996,2515,Silver,Lundin Group ,http://www.thelundingroup.com
997,2710,Silver,Mako Mining Corp.,http://www.makominingcorp.com
998,2105,Silver,MANAGEM Group,http://www.managemgroup.com
999,2451,Silver,Manex Resource Group Inc.,http://www.manexresourcegroup.com
1000,2450,Silver,Maya Gold & Silver Inc.,http://www.mayagoldsilver.com
1001,2849,Silver,McEwen Mining Inc.,http://www.mcewenmining.com
1002,3024,Silver,Metallic Group of Companies,http://www.metallicgroup.ca
1003,2709,Silver,Metals Group Inc.,http://www.metalsgroup.com
1004,2502,Silver,Midland Exploration Inc.,http://www.midlandexploration.com
1005,2637,Silver,Minaurum Gold Inc.,http://www.minaurum.com
1006,2618B,Silver,Mira Stone Ltd,http://www.mirastone.net
1007,2219A,Silver,Mirasol Resources Ltd.,http://www.mirasolresources.com
1008,2111,Silver,Murchison Minerals Ltd.,http://www.murchisonminerals.com
1009,2748,Silver,New Found Gold Corp,http://www.newfoundgold.ca
1010,2314,Silver,New Gold Inc.,http://www.newgold.com
1011,3239,Silver,New Pacific Metals Corp.,http://www.newpacificmetals.com
1012,2350,Silver,Newcrest Mining Ltd.,http://www.newcrest.com.au
1013,2912,Silver,Newmont Corporation,http://www.newmont.com
1014,2415A,Silver,Newrange Gold Corp.,http://www.newrangegold.com
1015,2408,Silver,Nicola Mining Inc.,http://www.nicolamining.com
1016,3240,Silver,Northern Dynasty Minerals Ltd.,http://www.northerndynastyminerals.com 
1017,2727,Silver,NorZinc Ltd,http://www.norzinc.com
1018,2125,Silver,Opus One Resources Inc. ,http://www.opusoneresources.com
1019,2113,Silver,Pacific Trends Resources Pty Ltd,http://www.pacifictrendsresources.com.au
1020,2615B,Silver,Patagonia Exploracion S.A.,http://N/A
1021,3044,Silver,Peel Mining Ltd.,http://www.peelmining.com.au
1022,2322,Silver,Power Ore Inc.,http://www.powerore.com
1023,3019,Silver,PPX Mining Corp.,http://www.ppxmining.com
1024,2523,Silver,Premier Gold Mines Limited,http://www.premiergoldmines.com
1025,3306,Silver,Prophecy Development Corp.,http://www.prophecydev.com
1026,2630,Silver,Red Cloud Securities Inc. ,http://www.redcloudks.com
1027,2645,Silver,Redstar Gold Corp.,http://www.redstargold.com
1028,2925,Silver,Regulus Resources Inc.,http://www.regulusresources.com
1029,2625A,Silver,Renaissance Gold Inc.,http://www.rengold.com
1030,2644,Silver,Revelo Resources Corp.,http://www.reveloresources.com
1031,2100,Silver,Rio Tinto,http://www.riotinto.com
1032,2413A,Silver,Riverside Resources Inc.,http://www.rivres.com
1033,3042,Silver,Rockcliff Metals Corporation,http://www.rockcliffmetals.com
1034,3153,Silver,ROKMASTER Resources Corp.,http://www.rokmaster.com
1035,2131,Silver,Romios Gold Resources Inc.,http://www.romios.com
1036,3348,Silver,Royal Canadian Mint,http://www.reserves.mint.ca
1037,3250,Silver,Rugby Mining Limited,http://www.rugbymining.com
1038,2617A,Silver,Sabina Gold & Silver Corp.,http://www.sabinagoldsilver.com
1039,2850,Silver,Sandstorm Gold Royalties,http://www.sandstormgold.com
1040,"948, 2312",Silver,Sherritt International Corporation,http://www.sherritt.com
1041,2441,Silver,Sierra Metals Inc.,http://www.sierrametals.com
1042,2531,Silver,Silver Bear Resources Plc.,http://www.silverbearresources.com
1043,2930,Silver,Silver One Resources,http://www.silverone.com
1044,2834,Silver,Silvercorp Metals Inc.,http://www.silvercorp.ca
1045,2448,Silver,SilverCrest Metals Inc.,http://www.silvercrestmetals.com
1046,2346,Silver,Sitka Gold Corp,http://www.sitkagoldcorp.com
1047,2223A,Silver,Skeena Resources Ltd.,http://www.skeenaresources.com
1048,2328,Silver,Sonoro Metals Corp.,http://www.sonorometals.com
1049,3246,Silver,South32 Limited,http://www.south32.net
1050,2213B,Silver,Sphinx Resources Ltd.,http://www.sphinxresources.ca
1051,2343,Silver,Spirit Mining LLC,http://www.spiritmining.us
1052,3049,Silver,Sprott Group of Companies,http://www.sprott.com
1053,2725,Silver,Steppe Gold Limited,http://www.steppegold.com
1054,3124,Silver,Strategic Exploration Group,http://www.strategicmetalsltd.com
1055,3018,Silver,Stuhini Exploration Ltd.,http://www.stuhini.com
1056,2231,Silver,Telson Mining Corporation,http://www.telsonmining.com
1057,2752,Silver,Tempus Resources Limited,http://www.tempusresources.com.au
1058,2848,Silver,Timberline Resources Corporation,http://www.timberline-resources.com
1059,2937,Silver,Tinka Resources Limited,http://www.tinkaresources.com
1060,2118,Silver,Trevali Mining Corporation,http://www.trevali.com
1061,3041,Silver,Trilogy Metals Inc.,http://www.trilogymetals.com
1062,3136,Silver,Vizsla Resources Corp.,http://www.vizslaresources.com
1063,2223B,Silver,VR Resources Ltd.,http://www.vrr.ca
1064,2943,Silver,Western Alaska Copper and Gold,http://www.wacg.rocks
1065,2623B,Silver,Westhaven Ventures Inc.,http://www.westhavenventures.com
1066,2311,Silver,Wheaton Precious Metals Corp.,http://www.wheatonpm.com
1067,2414B,Silver,White Rock Minerals,http://www.whiterockminerals.com.au
1068,2149,Silver,Windfall Geotek Inc.,http://www.windfallgeotek.com
1069,2903,Silver,Ximen Mining Corp.,http://www.ximenminingcorp.com
1070,3321,Silver,Yukon Mining Alliance,http://www.yukonminingalliance.ca
1071,2823,Uranium,ALX Resources Corp.,http://www.alxresources.com
1072,2927,Uranium,Appia Energy Corp.,http://www.appiaenergy.ca
1073,3123,Uranium,BHP,http://www.bhp.com
1074,2140,Uranium,CanAlaska Uranium Ltd.,http://www.canalaska.com
1075,2514,Uranium,Denison Mines Corp.,http://www.denisonmines.com
1076,2813,Uranium,Discovery Group,http://www.discoverygroup.ca
1077,2319,Uranium,Eagle Plains Resources Ltd.,http://www.eagleplains.com
1078,2452,Uranium,Energy Fuels Inc.,http://www.energyfuels.com
1079,2641,Uranium,Fission Uranium Corp.,http://www.fissionuranium.com
1080,3016,Uranium,Fomicruz S.E. ,http://www.fomicruz.com
1081,2825,Uranium,Forum Energy Metals Corp.,http://www.forumenergymetals.com
1082,2924,Uranium,Golden Arrow Resources,http://www.goldenarrowresources.com
1083,2421B,Uranium,IsoEnergy Ltd.,http://www.isoenergy.ca
1084,2515,Uranium,Lundin Group ,http://www.thelundingroup.com
1085,2450,Uranium,Maya Gold & Silver Inc.,http://www.mayagoldsilver.com
1086,3127,Uranium,Plateau Energy Metals Inc. ,http://www.plateauenergymetals.com
1087,2636,Uranium,Purepoint Uranium Group Inc.,http://www.purepoint.ca
1088,2630,Uranium,Red Cloud Securities Inc. ,http://www.redcloudks.com
1089,2100,Uranium,Rio Tinto,http://www.riotinto.com
1090,2629,Uranium,Skyharbour Resources Ltd.,http://www.skyharbourltd.com
1091,2429,Uranium,UEX Corporation,http://www.uexcorp.com
1092,2528,Uranium,Uranium Energy Corp.,http://www.uraniumenergy.com
1093,2443,Uranium,Ur-Energy Inc.,http://www.ur-energy.com
1094,3014,Uranium,Western Uranium & Vanadium Corp.,http://www.western-uranium.com
1095,2738,Zinc,Adriatic Metals Plc,http://www.adriaticmetals.com
1096,2613B,Zinc,Adventus Mining Corporation,http://www.adventusmining.com
1097,2751,Zinc,Affinity Metals  Corp,http://www.affinity-metals.com
1098,2743,Zinc,Aftermath Silver Ltd,http://www.vendettaminingcorp.com
1099,2447,Zinc,Alexco Resource Corp.,http://www.alexcoresource.com
1100,2753,Zinc,American Creek Resources Ltd.,http://www.americancreek.com
1101,2616B,Zinc,Americas Gold and Silver,http://www.americas-gold.com
1102,2614A,Zinc,Aquila Resources Inc.,http://www.aquilaresources.com
1103,2643,Zinc,Ascendant Resources Inc.,http://www.ascendantresources.com
1104,2610,Zinc,ATAC Resources Ltd.,http://www.atacresources.com
1105,3340,Zinc,Auramex Resource Corp,http://www.auramex.com
1106,3326,Zinc,Aurum Discovery,http://www.aurumdiscovery.com
1107,2445,Zinc,Avino Silver & Gold Mines Ltd.,http://www.avino.com
1108,2940,Zinc,Azure Minerals Limited,http://www.azureminerals.com.au
1109,3047,Zinc,BeMetals Corp.,http://www.bemetalscorp.com
1110,3234,Zinc,Blind Creek Resources Ltd.,http://www.blindcreekresources.com
1111,2219B,Zinc,BWR Exploration Inc. ,http://www.bwrexploration.com
1112,2909,Zinc,Callinex Mines Inc.,http://www.callinex.ca
1113,2140,Zinc,CanAlaska Uranium Ltd.,http://www.canalaska.com
1114,2628,Zinc,Cerro de Pasco Resources Inc.,http://www.pascoresources.com
1115,2422B,Zinc,Chesapeake Gold Corporation,http://www.chesapeakegold.com
1116,2141,Zinc,Commander Resources Ltd.,http://www.commanderresources.com
1117,2911,Zinc,Constantine Metal Resources Ltd.,http://www.constantinemetals.com
1118,3017,Zinc,CVK Mining Group,http://www.cvkgroups.com
1119,2813,Zinc,Discovery Group,http://www.discoverygroup.ca
1120,2319,Zinc,Eagle Plains Resources Ltd.,http://www.eagleplains.com
1121,2620A,Zinc,Eastfield Resources Ltd.,http://www.eastfieldresources.com
1122,2136,Zinc,"EDM-Empresa de Desenvolvimento Mineiro, SA",http://www.edm.pt
1123,2651,Zinc,EMX Royalty Corp.,http://www.emxroyalty.com
1124,2153,Zinc,Exiro Minerals Corp.,http://www.exirominerals.com
1125,2616A,Zinc,Foran Mining Corporation,http://www.foranmining.com
1126,2623A,Zinc,Galway Metals Inc.,http://www.galwaymetalsinc.com
1127,3310,Zinc,Geophysx Jamaica Ltd,http://www.geophysx.com
1128,2949,Zinc,Globe Trotters Resource Group Inc.,http://www.globetrottersresources.ca
1129,2718,Zinc,Globex Mining Enterprises Inc.,http://www.globexmining.com
1130,3316,Zinc,Globmine LLP,http://tks.kz
1131,2924,Zinc,Golden Arrow Resources,http://www.goldenarrowresources.com
1132,2615A,Zinc,Gossan Resources Limited,http://www.gossan.ca
1133,2348,Zinc,GR Sliver Mining Ltd.,http://www.grsilvermining.com
1134,2437,Zinc,Hecla Mining Company,http://www.hecla-mining.com
1135,3128,Zinc,International Millennium Mining Corp.,http://www.immc.ca
1136,3231,Zinc,Klondike Silver Corp.,http://www.klondikesilver.com
1137,3148,Zinc,Kootenay Silver Inc.,http://www.kootenaysilver.com
1138,3023,Zinc,Kutcho Copper Corp.,http://www.kutcho.ca
1139,3025,Zinc,Laurion Mineral Exploration Inc.,http://www.laurion.ca
1140,2105,Zinc,MANAGEM Group,http://www.managemgroup.com
1141,2451,Zinc,Manex Resource Group Inc.,http://www.manexresourcegroup.com
1142,2450,Zinc,Maya Gold & Silver Inc.,http://www.mayagoldsilver.com
1143,3024,Zinc,Metallic Group of Companies,http://www.metallicgroup.ca
1144,2502,Zinc,Midland Exploration Inc.,http://www.midlandexploration.com
1145,2618B,Zinc,Mira Stone Ltd,http://www.mirastone.net
1146,2111,Zinc,Murchison Minerals Ltd.,http://www.murchisonminerals.com
1147,2912,Zinc,Newmont Corporation,http://www.newmont.com
1148,3322,Zinc,Nexa Resources S.A.,http://www.nexaresources.com
1149,2631,Zinc,Noront Resources Ltd.,http://www.norontresources.com
1150,2727,Zinc,NorZinc Ltd,http://www.norzinc.com
1151,2125,Zinc,Opus One Resources Inc. ,http://www.opusoneresources.com
1152,3013,Zinc,Osisko Metals Incorporated,http://www.osiskometals.com
1153,2113,Zinc,Pacific Trends Resources Pty Ltd,http://www.pacifictrendsresources.com.au
1154,2615B,Zinc,Patagonia Exploracion S.A.,http://N/A
1155,3044,Zinc,Peel Mining Ltd.,http://www.peelmining.com.au
1156,3306,Zinc,Prophecy Development Corp.,http://www.prophecydev.com
1157,2630,Zinc,Red Cloud Securities Inc. ,http://www.redcloudks.com
1158,2100,Zinc,Rio Tinto,http://www.riotinto.com
1159,3042,Zinc,Rockcliff Metals Corporation,http://www.rockcliffmetals.com
1160,3153,Zinc,ROKMASTER Resources Corp.,http://www.rokmaster.com
1161,2143,Zinc,ScoZinc Mining Ltd.,http://www.scozinc.com
1162,"948, 2312",Zinc,Sherritt International Corporation,http://www.sherritt.com
1163,2441,Zinc,Sierra Metals Inc.,http://www.sierrametals.com
1164,2834,Zinc,Silvercorp Metals Inc.,http://www.silvercorp.ca
1165,2422A,Zinc,Solitario Zinc Corp.,http://www.solitariozinc.com
1166,3246,Zinc,South32 Limited,http://www.south32.net
1167,2213B,Zinc,Sphinx Resources Ltd.,http://www.sphinxresources.ca
1168,2343,Zinc,Spirit Mining LLC,http://www.spiritmining.us
1169,3124,Zinc,Strategic Exploration Group,http://www.strategicmetalsltd.com
1170,3018,Zinc,Stuhini Exploration Ltd.,http://www.stuhini.com
1171,3138,Zinc,Sun Peak Metals,http://www.sunpeakmetals.com
1172,2509,Zinc,Teck Resources Limited,http://www.teck.com
1173,2231,Zinc,Telson Mining Corporation,http://www.telsonmining.com
1174,3241,Zinc,Tethyan Resource Corp.,http://www.tethyan-resources.com
1175,2937,Zinc,Tinka Resources Limited,http://www.tinkaresources.com
1176,2126,Zinc,Transition Metals Corp.,http://www.transitionmetalscorp.com
1177,2118,Zinc,Trevali Mining Corporation,http://www.trevali.com
1178,3041,Zinc,Trilogy Metals Inc.,http://www.trilogymetals.com
1179,2416B,Zinc,Ubique Minerals Ltd.,http://www.ubiqueminerals.com
1180,2417B,Zinc,Valoriza Mineria SL,http://www.valorizamineria.com
1181,2943,Zinc,Western Alaska Copper and Gold,http://www.wacg.rocks
1182,2414B,Zinc,White Rock Minerals,http://www.whiterockminerals.com.au
1183,2149,Zinc,Windfall Geotek Inc.,http://www.windfallgeotek.com
1184,2525,Zinc,Yorbeau Resources Inc.,http://www.yorbeauresources.com
1185,3321,Zinc,Yukon Mining Alliance,http://www.yukonminingalliance.ca
1186,2942,Zinc,Zinc One Resources Inc.,http://www.zincone.com
1187,2317,Zinc,ZincX Resources Corp.,http://www.zincxresources.com
