id,booth,name,website
0,2215B,AbraPlata Resource Corp. ,http://www.aethonminerals.com
1,2750,Adamera Minerals Corp.,http://www.adamera.com
2,2738,Adriatic Metals Plc,http://www.adriaticmetals.com
3,2613B,Adventus Mining Corporation,http://www.adventusmining.com
4,2537,Aeris Resources Limited,http://www.aerisresources.com.au
5,2751,Affinity Metals  Corp,http://www.affinity-metals.com
6,2743,Aftermath Silver Ltd,http://www.vendettaminingcorp.com
7,2127,Agnico Eagle Mines Limited,http://www.agnicoeagle.com
8,2944,AJN Resources Inc.  ,http://www.ajnresources.com
9,2339,Alacer Gold Corp.,http://www.alacergold.com
10,2722,Alamos Gold Inc.,http://www.alamosgold.com
11,2923,Aldebaran Resources Inc.,http://www.aldebaranresources.com
12,2447,Alexco Resource Corp.,http://www.alexcoresource.com
13,2829,Almaden Minerals Ltd.,http://www.almadenminerals.com
14,3242,Altamira Gold,http://www.altamiragold.com
15,2435,Altius Minerals Corp.,http://www.altiusminerals.com
16,2622A,Alto Ventures Ltd.,http://www.altoventures.com
17,2823,ALX Resources Corp.,http://www.alxresources.com
18,2621A,Amarillo Gold Corp.,http://www.amarillogold.com
19,2753,American Creek Resources Ltd.,http://www.americancreek.com
20,2616B,Americas Gold and Silver,http://www.americas-gold.com
21,2123,Amerigo Resources Ltd.,http://www.amerigoresources.com
22,2716,Amex Exploration,http://www.amexexploration.com
23,2906,Anaconda Mining Inc.,http://www.anacondamining.com
24,2326,Andino Commodities S.A.S,
25,2325,Anglo American,http://www.angloamerican.com
26,2927,Appia Energy Corp.,http://www.appiaenergy.ca
27,2614A,Aquila Resources Inc.,http://www.aquilaresources.com
28,2103,Arctic Star Exploration Corp.,http://www.arcticstar.ca
29,3233,Ardiden Limited,http://www.ardiden.com.au
30,2351,Ares Strategic Mining Inc.,http://www.aresmining.com
31,3300,Argo Gold,http://www.argogold.ca
32,2947,Argonaut Gold Inc.,http://www.argonautgold.com
33,2146,Artemis Gold Inc.,http://www.artemisgoldinc.com
34,3212,Artisanal Gold Council,http://www.artisanalgold.org
35,2418A,Asante Gold Corporation,http://www.asantegold.com
36,2643,Ascendant Resources Inc.,http://www.ascendantresources.com
37,2329,Ascot Resources Ltd.,http://www.ascotgold.com
38,2106,Aston Bay,http://www.astonbayholdings.com
39,2610,ATAC Resources Ltd.,http://www.atacresources.com
40,2904,Atlantic Gold Corporation,http://www.atlanticgoldcorporation.com
41,3340,Auramex Resource Corp,http://www.auramex.com
42,2905,Aurania Resources Ltd.,http://www.aurania.com
43,2907,Aurora Minerals Group LLP,http://www.aurora.kz
44,3326,Aurum Discovery,http://www.aurumdiscovery.com
45,2209,AURYN Mining Corp.,http://www.aurynmining.com
46,2421A,Auryn Resources Inc.,http://www.aurynresources.com
47,2303,Avalon Advanced Materials Inc.,http://www.avalonadvancedmaterials.com
48,2608,Avidian Gold Corp.,http://www.avidiangold.com
49,2445,Avino Silver & Gold Mines Ltd.,http://www.avino.com
50,2708,Awale Resources Ltd.,http://www.awaleresources.com
51,2433,Azimut Exploration Inc.,http://www.azimut-exploration.com
52,2940,Azure Minerals Limited,http://www.azureminerals.com.au
53,2731,B2Gold Corp.,http://www.b2gold.com
54,2902,Balmoral Resources Ltd.,http://www.balmoralresources.com
55,2221B,Banyan Gold Corp.,http://www.banyangold.com
56,2415B,Barrian Mining Corp,
57,2434,Barrick Gold Corporation,http://www.barrick.com
58,3047,BeMetals Corp.,http://www.bemetalscorp.com
59,2117,Benton Resources Inc.,http://www.bentonresources.ca
60,3123,BHP,http://www.bhp.com
61,2419B,BlackRock Gold Corp.,http://www.blackrockgoldcorp.com
62,2418B,Blackstone Minerals Ltd,http://www.blackstoneminerals.com.au
63,3234,Blind Creek Resources Ltd.,http://www.blindcreekresources.com
64,2308,Blue Star Gold Corp.,http://www.bluestargold.ca
65,2749,Blue Thunder Mining Corp,http://www.bluethundermining.com
66,2931,BONTERRA Resources Inc.,http://www.btrgold.com
67,3214,Braveheart Resources Inc.,http://www.braveheartresourcesinc.com
68,2620B,Breaker Resources NL,http://www.breakerresources.com.au
69,3228,Brixton Metals Corporation,http://www.brixtonmetals.com
70,2951,BTU Metals Corp.,http://www.btumetals.com
71,2736,Buchans Resources Ltd. ,http://www.buchansresources.com
72,2219B,BWR Exploration Inc. ,http://www.bwrexploration.com
73,2831,Cabral Gold Ltd. ,http://www.cabralgold.com
74,2909,Callinex Mines Inc.,http://www.callinex.ca
75,2747,Canada Nickel Company,http://www.canadanickel.com
76,2542,Canadian Securities Exchange,http://www.thecse.com
77,2140,CanAlaska Uranium Ltd.,http://www.canalaska.com
78,3034,Canarc Resource Corp.,http://www.canarc.net
79,3031,Candente Copper Corp.,http://www.candentecopper.com
80,3151,Cantex Mine Development Corp,http://www.cantex.ca
81,3129,Cardinal Resources Ltd.,http://www.cardinalresources.com.au
82,2711,Carube Copper Corp.,http://www.carubecopper.com
83,2702,Centaurus Metals Ltd,http://www.centaurus.com.au
84,2148,Centerra Gold Inc.,http://www.centerragold.com
85,2151,Century Global Commodities Corporation,http://www.centuryglobal.ca
86,2628,Cerro de Pasco Resources Inc.,http://www.pascoresources.com
87,3325,Chakana Copper Corporation,http://www.chakanacopper.com
88,2422B,Chesapeake Gold Corporation,http://www.chesapeakegold.com
89,2431,China Gold International Resources Corp. Ltd.,http://www.chinagoldintl.com
90,2306,Clean Air Metals Inc,http://www.cleanairmetals.ca
91,3338,Columbus Gold Corp.,http://www.columbusgold.com
92,2141,Commander Resources Ltd.,http://www.commanderresources.com
93,2817,Commerce Resources Corp.,http://www.commerceresources.com
94,2946,Condor Gold Plc,http://www.condorgold.com
95,2132,Conroy Gold and Natural Resources plc,http://www.conroygold.com
96,2911,Constantine Metal Resources Ltd.,http://www.constantinemetals.com
97,3208,Consulting & Mining Sevices SRL,http://www.consultingmining.com
98,2107,Continental Gold Inc.,http://www.continentalgold.com
99,2713,Copper Fox Metals Inc.,http://www.copperfoxmetals.com
100,2420A,Copper Mountain Mining Corporation,http://www.cumtn.com
101,3036,Copperzone Resources Limited,http://www.copperzone-resources.com
102,2551,Cornerstone Capital Resources Inc.,http://www.cornerstoneresources.com
103,2518,Corvus Gold Inc.,http://www.corvusgold.com
104,2504,Critical Elements Corporation,http://www.cecorp.ca
105,2614B,Crystal Lake Mining,http://www.crystallakemining.com
106,3017,CVK Mining Group,http://www.cvkgroups.com
107,2703,Defiance Silver Corp.,http://www.defiancesilver.com
108,3032,Delta Resources Limited,http://www.deltaresources.ca
109,2514,Denison Mines Corp.,http://www.denisonmines.com
110,2349,Desert Gold Ventures Inc.,http://www.desertgold.ca
111,2845,Desert Mountain Energy Corp.,http://www.desertmountainenergy.com
112,2316,Diamcor Mining Inc.,http://www.diamcormining.com
113,2813,Discovery Group,http://www.discoverygroup.ca
114,2649,Dundee Precious Metals Inc.,http://www.dundeeprecious.com
115,2617B,Durango Resources Inc.,http://www.durangoresourcesinc.com
116,2632,Dynacor Gold Mines Inc.,http://www.dynacor.com
117,2832,Dynasty Gold Corp.,http://www.dynastygoldcorp.com
118,2319,Eagle Plains Resources Ltd.,http://www.eagleplains.com
119,2932,Earthmetrix Inc.,http://www.earthmetrix.ca
120,2620A,Eastfield Resources Ltd.,http://www.eastfieldresources.com
121,2948,Eclipse Gold Mining Corp,http://www.eclipsegoldmining.com
122,2136,"EDM-Empresa de Desenvolvimento Mineiro, SA",http://www.edm.pt
123,2732,Eldorado Gold Corporation,http://www.eldoradogold.com
124,2347,Elim Mining Incorporated,http://www.elimmining.com
125,3012,Ely Gold Royalties Inc.,http://www.elygoldinc.com
126,2651,EMX Royalty Corp.,http://www.emxroyalty.com
127,2622B,Endurance Gold Corp,http://www.endurancegold.com
128,2516,Energold Corp.,http://www.energold.com
129,2452,Energy Fuels Inc.,http://www.energyfuels.com
130,3232,Engineer Gold Mines Ltd,http://www.engineergoldmines.com
131,2712,Entrée Resources Ltd.,http://www.entreeresourcesltd.com
132,2333,EnviroLeach Technologies Inc.,http://www.enviroleach.com
133,3216,Equus Mining Limited,http://www.equusmining.com
134,2112,Erdene Resource Development Corp.,http://www.erdene.com
135,3222,Ero Copper Corp.,http://www.erocopper.com
136,3308,Eros Resources Corp.,http://www.erosresourcescorp.com
137,3332,E-Tech Metals,http://www.etechmetals.com
138,3140,Evergold Corp,http://www.evergoldcorp.ca
139,3040,Evrim Resources Corp.,http://www.evrimresources.com
140,2809,Excelsior Mining Corp.,http://www.excelsiormining.com
141,2153,Exiro Minerals Corp.,http://www.exirominerals.com
142,2950,Fiore Gold,http://www.fioregold.com
143,3139,FireFox Gold Corp.,http://www.firefoxgold.com
144,2501,First Majestic Silver Corp. ,http://www.firstmajestic.com
145,2729,First Mining Gold Corp.,http://www.firstmininggold.com
146,2641,Fission Uranium Corp.,http://www.fissionuranium.com
147,2739,Five Star Diamond Limited,http://www.ionenergy.ca
148,2726,Focus Graphite Inc.,http://www.focusgraphite.com
149,3016,Fomicruz S.E. ,http://www.fomicruz.com
150,2616A,Foran Mining Corporation,http://www.foranmining.com
151,2837,Fortune Minerals Limited,http://www.fortuneminerals.com
152,2825,Forum Energy Metals Corp.,http://www.forumenergymetals.com
153,2425A,FPX Nickel Corp.,http://www.fpxnickel.com
154,3236,Frontier Lithium Inc.,http://www.frontierlithium.com
155,3302,Galleon Gold Corp. ,http://www.galleongold.com
156,2623A,Galway Metals Inc.,http://www.galwaymetalsinc.com
157,3149,Garibaldi Resources Corp,http://www.garibaldiresources.com
158,2833,Gatling Exploration Inc.,http://www.gatlingexploration.com
159,3220,Generation Mining Limited,http://www.genmining.com
160,2746,Genesis Metals,http://www.genesismetalscorp.
161,2642,Geomega Resources Inc.,http://www.geomega.ca
162,3310,Geophysx Jamaica Ltd,http://www.geophysx.com
163,3130,GFG Resources Inc.,http://www.gfgresources.com
164,2949,Globe Trotters Resource Group Inc.,http://www.globetrottersresources.ca
165,2718,Globex Mining Enterprises Inc.,http://www.globexmining.com
166,3316,Globmine LLP,http://tks.kz
167,2338,GMV Minerals Inc.,http://www.gmvminerals.com
168,2625B,Go Metals Corp.,http://www.gocobalt.ca
169,2108,Gold Group Management Inc.,http://www.goldgroup.com
170,2928,Gold Springs Resource Corp.,http://www.goldspringsresource.com
171,2304,Gold Terra Resource Corp.,http://www.goldterracorp.com
172,2924,Golden Arrow Resources,http://www.goldenarrowresources.com
173,2543,Golden Goliath Resources Ltd.,http://www.goldengoliath.com
174,2706,Golden Minerals Company,http://www.goldenminerals.com
175,2650,Golden Predator Mining Corp.,http://www.goldenpredator.com
176,2305,Golden Star Resources Limited,http://www.gsr.com
177,2526,GoldMining Inc.,http://www.goldmining.com
178,3131,Goldmoney Inc.,http://www.goldmoney.com
179,2844,GoldQuest Mining Corp.,http://www.goldquestcorp.com
180,2449,Goldsource Mines Inc.,http://www.goldsourcemines.com
181,2646,Goldspot Discoveries Inc.,http://www.goldspot.ca
182,2615A,Gossan Resources Limited,http://www.gossan.ca
183,2824,Gowest Gold Ltd.,http://www.gowestgold.com
184,2348,GR Sliver Mining Ltd.,http://www.grsilvermining.com
185,2310,Gran Colombia Gold Corp.,http://www.grancolombiagold.com
186,2114,Greg Exploration Inc.,http://www.goldenretrievergroup.com
187,2122,Grid Metals Corp.,http://www.gridmetalscorp.com
188,3020,Grizzly Discoveries Inc.,http://www.grizzlydiscoveries.com
189,2323,GT Gold Corp.,http://www.gtgoldcorp.ca
190,2938,Hammer Metals Ltd,http://www.hammermetals.com.au
191,2425B,Happy Creek Minerals Ltd.,http://www.happycreekminerals.com
192,3030,Harfang Exploration Inc.,http://www.harfangexploration.com
193,2820,Harte Gold Corp.,http://www.hartegold.com
194,2437,Hecla Mining Company,http://www.hecla-mining.com
195,2416A,High Power Exploration,http://www.hpxploration.com
196,3245,HighGold Mining Inc,http://www.highgoldmining.com
197,2145,HPQ Silicon Resources,http://www.hpqsilicon.com
198,2648,Hudson Resources Inc.,http://www.hudsonresourcesinc.com
199,2522,IAMGOLD Corporation,http://www.iamgold.com
200,2505,Impact Silver Corp.,http://www.impactsilver.com
201,3035,Inca One Gold Corp.,http://www.incaone.com
202,2741,Independence Gold Corp.,http://www.ingold.ca
203,2147,Integra Resources Corp.,http://www.integraresources.com
204,3128,International Millennium Mining Corp.,http://www.immc.ca
205,2109,ioneer,http://www.ioneer.com
206,2421B,IsoEnergy Ltd.,http://www.isoenergy.ca
207,2414A,Ivanhoe Mines,http://www.ivanhoemines.com
208,2430,Jaguar Mining Inc.,http://www.jaguarmining.com
209,3146,Jamaica Stock Exchange,http://www.jamstockex.com
210,3137,Jameson Resources Limited,http://www.jamesonresources.com.au
211,2606,Japan Gold Corp.,http://www.japangold.com
212,3033,K92 Mining Inc.,http://www.k92mining.com
213,3218,Kalo Exploration Ltd,http://www.kaloexploration.com
214,2621B,Keras Resources plc,http://www.kerasplc.com
215,2618A,Kerr Mines Inc.,http://www.kerrmines.com
216,2536,Kesselrun Resources Ltd.,http://www.kesselrunresources.com
217,2341,Kingsgate Consolidated Limited,http://www.kingsgate.com.au
218,2913,Kinross Gold Corporation,http://www.kinross.com
219,2313,Kirkland Lake Gold Ltd. ,http://www.klgold.com
220,3231,Klondike Silver Corp.,http://www.klondikesilver.com
221,3148,Kootenay Silver Inc.,http://www.kootenaysilver.com
222,2302,Kopy Goldfields AB,http://www.kopygoldfields.com
223,3023,Kutcho Copper Corp.,http://www.kutcho.ca
224,2700,Lara Exploration Ltd.,http://www.laraexploration.com
225,3147,Largo Resources Ltd.,http://www.largoresources.com
226,3143,Latin Metals Inc.,http://www.latinmetals.com
227,3025,Laurion Mineral Exploration Inc.,http://www.laurion.ca
228,2941,Leading Edge Materials Corp.,http://www.leadingedgematerials.com
229,2843,Leagold Mining Corporation,http://www.leagold.com
230,2332,Lepidico Ltd.,http://www.lepidico.com
231,2508,Libero Copper,http://www.liberocopper.com
232,3206,Liberty Gold Corp.,http://www.libertygold.ca
233,3021,Lion One Metals,http://www.liononemetals.com
234,2547,Lomiko Metals Inc.,http://www.lomiko.com
235,3342,Longland Resources Ltd,http://www.longlandresources.com
236,2704,"Lumina Group, The",http://www.luminagold.com
237,2515,Lundin Group ,http://www.thelundingroup.com
238,2710,Mako Mining Corp.,http://www.makominingcorp.com
239,2105,MANAGEM Group,http://www.managemgroup.com
240,2301,Mandalay Resources Corp.,http://www.mandalayresources.com
241,2451,Manex Resource Group Inc.,http://www.manexresourcegroup.com
242,3237,Manganese X Energy Corp.,http://www.manganesexenergycorp.com
243,2130,Manitou Gold Inc.,http://www.manitougold.com
244,2241,Marathon Gold Corporation,http://www.marathon-gold.com
245,2612B,Market Making Services Inc.,http://www.marketmakingservices.com
246,2939,Mawson Resources Limited,http://www.mawsonresources.com
247,2450,Maya Gold & Silver Inc.,http://www.mayagoldsilver.com
248,2849,McEwen Mining Inc.,http://www.mcewenmining.com
249,2953,MegumaGold,http://www.megumagold.com
250,2550,Meridian Credit Union,http://www.meridiancu.ca/Commercial.aspx
251,3024,Metallic Group of Companies,http://www.metallicgroup.ca
252,2640,Metals Creek Resources Corp.,http://www.metalscreek.com
253,2709,Metals Group Inc.,http://www.metalsgroup.com
254,2413B,Midas Gold Corp.,http://www.midasgoldcorp.com
255,2502,Midland Exploration Inc.,http://www.midlandexploration.com
256,2124,Millennial Lithium Corp.,http://www.millenniallithium.com
257,2637,Minaurum Gold Inc.,http://www.minaurum.com
258,2423A,Minera Alamos Inc.,http://www.mineraalamos.com
259,2420B,Minera Tres Valles,http://www.mineratresvalles.com
260,2812,Mineral Mountain Resources Ltd.,http://www.mineralmtn.com
261,2618B,Mira Stone Ltd,http://www.mirastone.net
262,2219A,Mirasol Resources Ltd.,http://www.mirasolresources.com
263,3152,Mississauga Mining,http://www.mississaugamining.com
264,3304,Mkango Resources,http://www.mkango.ca
265,2417A,Monarques Gold Corporation,http://www.monarquesgold.com
266,3045,Moneta Porcupine Mines Inc.,http://www.monetaporcupine.com
267,2647,Montero Mining & Exploration Ltd.,http://www.monteromining.com
268,3050,Monument Mining Limited,http://www.monumentmining.com
269,3243,"Morefield Gem Mine, Inc.",http://www.morefieldgemmine.com
270,2822,Morien Resources Corp.,http://www.morienres.com
271,3235,Morocota Gold SAS,http://www.morocotagold.com
272,2532,Moydow Resources Limited,http://www.moydow.com
273,2530,Mundoro Capital Inc.,http://www.mundoro.com
274,2111,Murchison Minerals Ltd.,http://www.murchisonminerals.com
275,2828,Neo Lithium Corp.,http://www.neolithium.ca
276,2410,Nevada Copper Corp.,http://www.nevadacopper.com
277,2527,Nevada Exploration Inc.,http://www.nevadaexploration.com
278,2619B,New Age Metals,http://www.newagemetals.com
279,2748,New Found Gold Corp,http://www.newfoundgold.ca
280,2314,New Gold Inc.,http://www.newgold.com
281,3239,New Pacific Metals Corp.,http://www.newpacificmetals.com
282,2350,Newcrest Mining Ltd.,http://www.newcrest.com.au
283,2912,Newmont Corporation,http://www.newmont.com
284,2415A,Newrange Gold Corp.,http://www.newrangegold.com
285,3322,Nexa Resources S.A.,http://www.nexaresources.com
286,2408,Nicola Mining Inc.,http://www.nicolamining.com
287,2624B,NioBay Metals Inc.,http://www.niobaymetals.com
288,2631,Noront Resources Ltd.,http://www.norontresources.com
289,2707,North Arrow Minerals Inc.,http://www.northarrowminerals.com
290,3240,Northern Dynasty Minerals Ltd.,http://www.northerndynastyminerals.com 
291,2115,Northern Graphite Corporation,http://www.northerngraphite.com
292,3037,Northern Shield Resources Inc.,http://www.northern-shield.com
293,3029,Northern Superior Resources Inc.,http://www.nsuperior.com
294,2714,Northern Vertex Mining Corp.,http://www.northernvertex.com
295,2929,Northstar Gold Corp.,http://www.northstargoldmining.com
296,2727,NorZinc Ltd,http://www.norzinc.com
297,2830,Nouveau Monde Graphite,http://www.nouveaumonde.ca
298,2901,Novagold Resources Inc.,http://www.novagold.com
299,2841,OceanaGold Corporation,http://www.oceanagold.com
300,2419A,Olivut Resources Ltd.,http://www.olivut.com
301,2125,Opus One Resources Inc. ,http://www.opusoneresources.com
302,2324,Orefinders Resources Inc.,http://www.orefinders.ca
303,2138,Orestone Mining Corp,http://www.orestone.ca
304,2519,Orezone Gold Corporation,http://www.orezone.com
305,2529,Orford Mining Corp.,http://www.orfordmining.com
306,3046,Orla Mining Ltd.,http://www.orlamining.com
307,3142,Oro Verde Limited,http://www.oroverde.com.au
308,2500,Orsu Metals Corporation,http://www.orsumetals.com
309,2243,Orvana Minerals Corp.,http://www.orvana.com
310,3015,Osino Resources Corp.,http://www.osinoresources.com
311,2624A,Osisko Gold Royalties Ltd.,http://www.osiskogr.com
312,3013,Osisko Metals Incorporated,http://www.osiskometals.com
313,2546,OTC Markets Group,http://www.otcmarkets.com
314,2552,Otso Gold Corp.,http://www.otsogold.com
315,2120,Pacific Empire Minerals Corp.,http://www.pemcorp.ca
316,2113,Pacific Trends Resources Pty Ltd,http://www.pacifictrendsresources.com.au
317,2816,Pacton Gold Inc.,http://www.pactongold.com
318,2723,Palamina Corp.,http://www.palamina.com
319,2205,Palladium One,http://www.palladiumoneinc.com
320,3010,Pancontinental Resources Corporation,http://www.panconresources.com
321,2144,Panda Mining Pty Ltd,http://n/a
322,2506,Panoro Minerals Ltd.,http://www.panoro.com
323,3005,Panthera Resources Plc,http://www.pantheraresources.com
324,2615B,Patagonia Exploracion S.A.,http://N/A
325,2728,Pavey Ark Minerals Inc.,http://www.paveyarkminerals.com
326,3044,Peel Mining Ltd.,http://www.peelmining.com.au
327,2237,Pelangio Exploration Inc.,http://www.pelangio.com
328,2633,Peloton Minerals Corporation,http://www.pelotonminerals.com
329,3127,Plateau Energy Metals Inc. ,http://www.plateauenergymetals.com
330,2353,Playfair Mining Ltd.,http://www.playfairmining.com
331,2705,PolyMet Mining Corp.,http://www.polymetmining.com
332,2634,Portofino Resources Inc.,http://www.portofinoresources.com
333,2322,Power Ore Inc.,http://www.powerore.com
334,3019,PPX Mining Corp.,http://www.ppxmining.com
335,2523,Premier Gold Mines Limited,http://www.premiergoldmines.com
336,2207,Privateer Gold,http://www.privateer.gold
337,2847,Probe Metals Inc.,http://www.probemetals.com
338,3344,Prolific Mining Corp.,http://www.prolificutah.com/home
339,3306,Prophecy Development Corp.,http://www.prophecydev.com
340,2215A,Pucara Resources,http://www.pucararesources.com
341,3007,Pure Gold Mining,http://www.puregoldmining.ca
342,2636,Purepoint Uranium Group Inc.,http://www.purepoint.ca
343,2217A,QMX Gold Corporation,http://www.qmxgold.ca
344,2331,Quaterra Resources Inc.,http://www.quaterra.com
345,2908,Radisson Mining Resources Inc.,http://www.radissonmining.com
346,2630,Red Cloud Securities Inc. ,http://www.redcloudks.com
347,2538,Red Metal Resources Ltd.,http://www.redmetalresources.com
348,2539,Red Pine Exploration Inc.,http://www.redpineexp.com
349,2645,Redstar Gold Corp.,http://www.redstargold.com
350,3314,Refinitiv,http://www.refinitiv.com/en
351,2925,Regulus Resources Inc.,http://www.regulusresources.com
352,2625A,Renaissance Gold Inc.,http://www.rengold.com
353,2548,Renforth Resources Inc.,http://www.renforthresources.com
354,2730,Resource Capital Funds,http://www.resourcecapitalfunds.com
355,2142,Reunion Gold Corporation,http://www.reuniongold.com
356,2644,Revelo Resources Corp.,http://www.reveloresources.com
357,2507,Revival Gold Inc.,http://www.revival-gold.com
358,3048,Richardson GMP - Alexandra Horwood,http://www.alexandrahorwood.com
359,2100,Rio Tinto,http://www.riotinto.com
360,2413A,Riverside Resources Inc.,http://www.rivres.com
361,3328,RJK Explorations Ltd.,http://www.rjkexplorations.com
362,2549,RNC Minerals,http://www.rncminerals.com
363,3042,Rockcliff Metals Corporation,http://www.rockcliffmetals.com
364,3153,ROKMASTER Resources Corp.,http://www.rokmaster.com
365,2131,Romios Gold Resources Inc.,http://www.romios.com
366,3132,Roscan Gold Corporation,http://www.roscan.ca
367,2635,Roxgold Inc.,http://www.roxgold.com
368,3348,Royal Canadian Mint,http://www.reserves.mint.ca
369,2342,Royal Road Minerals,http://www.royalroadminerals.com
370,3250,Rugby Mining Limited,http://www.rugbymining.com
371,2922,S2 Resources Ltd.,http://www.s2resources.com.au
372,2617A,Sabina Gold & Silver Corp.,http://www.sabinagoldsilver.com
373,2945,Salazar Resources Limited,http://www.salazarresources.com
374,2850,Sandstorm Gold Royalties,http://www.sandstormgold.com
375,2340,Sayona Mining Limited,http://www.sayonamining.com.au
376,2143,ScoZinc Mining Ltd.,http://www.scozinc.com
377,3247,Searchlight Resources Inc.,http://www.searchlightresources.com
378,2724,SEMAFO Inc.,http://www.semafo.com
379,2533,Serabi Gold plc,http://www.serabigold.com
380,2835,Serengeti Resources Inc.,http://www.serengetiresources.com
381,"948, 2312",Sherritt International Corporation,http://www.sherritt.com
382,2213A,Sidex,http://www.sidex.ca
383,2441,Sierra Metals Inc.,http://www.sierrametals.com
384,2531,Silver Bear Resources Plc.,http://www.silverbearresources.com
385,2930,Silver One Resources,http://www.silverone.com
386,2834,Silvercorp Metals Inc.,http://www.silvercorp.ca
387,2448,SilverCrest Metals Inc.,http://www.silvercrestmetals.com
388,2910,Sirios Resources Inc.,http://www.sirios.com
389,2346,Sitka Gold Corp,http://www.sitkagoldcorp.com
390,2223A,Skeena Resources Ltd.,http://www.skeenaresources.com
391,2629,Skyharbour Resources Ltd.,http://www.skyharbourltd.com
392,2432,Sokoman Minerals Corp. ,http://www.sokomanmineralscorp.com
393,2745,SolGold,http://www.solgold.com.au
394,2422A,Solitario Zinc Corp.,http://www.solitariozinc.com
395,2328,Sonoro Metals Corp.,http://www.sonorometals.com
396,3246,South32 Limited,http://www.south32.net
397,2128,SPC Metals,http://www.sudburyplatinumcorp.com
398,2213B,Sphinx Resources Ltd.,http://www.sphinxresources.ca
399,2343,Spirit Mining LLC,http://www.spiritmining.us
400,3049,Sprott Group of Companies,http://www.sprott.com
401,2840,SQM,http://www.sqm.com
402,2330,Star Diamond Corporation,http://www.stardiamondcorp.com
403,2846,Starcore International Mines Ltd.,http://www.starcore.com
404,2725,Steppe Gold Limited,http://www.steppegold.com
405,2345,Stratabound Minerals Corp.,http://www.stratabound.com
406,3124,Strategic Exploration Group,http://www.strategicmetalsltd.com
407,2545,Strongbow Exploration Inc.,http://www.strongbowexploration.com
408,3018,Stuhini Exploration Ltd.,http://www.stuhini.com
409,3138,Sun Peak Metals,http://www.sunpeakmetals.com
410,3144,Talisker Resources,http://www.taliskerresources.com
411,2423B,Talmora Diamond Inc.,http://www.talmoradiamond.com
412,2512,Talon Metals Corp.,http://www.talonmetals.com
413,2509,Teck Resources Limited,http://www.teck.com
414,3229,Tectonic Metals Inc.,http://www.tectonicmetals.com
415,2231,Telson Mining Corporation,http://www.telsonmining.com
416,2752,Tempus Resources Limited,http://www.tempusresources.com.au
417,2540,Teranga Gold Corporation,http://www.terangagold.com
418,3241,Tethyan Resource Corp.,http://www.tethyan-resources.com
419,2848,Timberline Resources Corporation,http://www.timberline-resources.com
420,2937,Tinka Resources Limited,http://www.tinkaresources.com
421,2917,Toronto Stock Exchange,http://www.tsx.com
422,2126,Transition Metals Corp.,http://www.transitionmetalscorp.com
423,2104,Treasury Metals Inc.,http://www.treasurymetals.com
424,2233,Tres-Or Resources Ltd.,http://www.tres-or.com
425,2118,Trevali Mining Corporation,http://www.trevali.com
426,2503,Tri Origin Exploration Ltd.,http://www.triorigin.com
427,3041,Trilogy Metals Inc.,http://www.trilogymetals.com
428,2152,TriStar Gold Inc.,http://www.tristargold.com
429,2510,Triumph Gold Corp.,http://www.triumphgoldcorp.com
430,2553,Troilus Gold Corp.,http://www.troilusgold.com
431,3330,Tudor Gold Corp.,http://www.tudor-gold.com
432,2416B,Ubique Minerals Ltd.,http://www.ubiqueminerals.com
433,2110,Ucore Rare Metals Inc.,http://www.ucore.com
434,2429,UEX Corporation,http://www.uexcorp.com
435,2440,Unigold Inc.,http://www.unigoldinc.com
436,2528,Uranium Energy Corp.,http://www.uraniumenergy.com
437,2443,Ur-Energy Inc.,http://www.ur-energy.com
438,"2307, 3318",Vale Canada Limited,http://www.vale.com
439,2417B,Valoriza Mineria SL,http://www.valorizamineria.com
440,2412B,Vanadium One Iron Corp.,http://www.vanadiumone.com
441,2842,VanadiumCorp Resource Inc.,http://www.vanadiumcorp.com
442,3145,Velocity Minerals Ltd.,http://www.velocityminerals.com
443,2221A,Victory Nickel Inc.,http://www.victorynickel.ca
444,2613A,Vior Inc.,http://www.vior.ca
445,3312,Vista Energy Resources,http://www.vistaenergyresources.ca
446,2235,Vista Gold Corp.,http://www.vistagold.com
447,3022,Viva Gold Corp.,http://www.vivagoldcorp.com
448,3136,Vizsla Resources Corp.,http://www.vizslaresources.com
449,2223B,VR Resources Ltd.,http://www.vrr.ca
450,2337,Vulcan Minerals Inc.,http://www.vulcanminerals.ca
451,2442,Wallbridge Mining Company Limited,http://www.wallbridgemining.com
452,3210,WCPD Inc.,http://www.wcpd.com
453,3141,Wealth Minerals Ltd.,http://www.wealthminerals.com
454,2412A,Wesdome Gold Mines,http://www.wesdome.com
455,3122,West Red Lake Gold Mines Inc.,http://www.westredlakegold.com
456,2943,Western Alaska Copper and Gold,http://www.wacg.rocks
457,2344,Western Atlas Resources Inc.,http://www.westernar.com
458,2133,Western Copper and Gold Corporation,http://www.westerncopperandgold.com
459,3014,Western Uranium & Vanadium Corp.,http://www.western-uranium.com
460,2623B,Westhaven Ventures Inc.,http://www.westhavenventures.com
461,2311,Wheaton Precious Metals Corp.,http://www.wheatonpm.com
462,3028,White Gold Corp.,http://www.whitegoldcorp.ca
463,2414B,White Rock Minerals,http://www.whiterockminerals.com.au
464,3009,Wildsky Resources Inc.,http://www.wildskyresources.com
465,2149,Windfall Geotek Inc.,http://www.windfallgeotek.com
466,2612A,Wolfden Resources Corporation,http://www.wolfdenresources.com
467,2139,Xiana Mining Inc.,http://www.xianamining.com
468,2903,Ximen Mining Corp.,http://www.ximenminingcorp.com
469,2406,X-Terra Resources,http://www.xterraresorces.com
470,2715,Yamana Gold Inc.,http://www.yamana.com
471,2525,Yorbeau Resources Inc.,http://www.yorbeauresources.com
472,3321,Yukon Mining Alliance,http://www.yukonminingalliance.ca
473,2619A,Zen Graphene Solutions,http://www.zengraphene.com
474,2836,Zephyr Minerals Ltd.,http://www.zephyrminerals.com
475,2819,Zimtu Capital Corp.,http://www.zimtu.com
476,2942,Zinc One Resources Inc.,http://www.zincone.com
477,2317,ZincX Resources Corp.,http://www.zincxresources.com
